<?xml version='1.0' encoding='utf-8'?>
<bitmaps count="29">
  <resource id="1" name="bitmaps/000_image.png,0,0,39,39,-19,-39" />
  <resource id="2" name="bitmaps/001_image.png,0,0,39,39,-19,-39" />
  <resource id="3" name="bitmaps/002_image.png,0,0,39,39,-19,-39" />
  <resource id="4" name="bitmaps/003_image.png,0,0,39,39,-19,-39" />
  <resource id="5" name="bitmaps/004_image.png,0,0,39,39,-19,-39" />
  <resource id="6" name="bitmaps/005_image.png,0,0,39,39,-19,-39" />
  <resource id="7" name="bitmaps/006_image.png,0,0,39,39,-19,-39" />
  <resource id="8" name="bitmaps/007_image.png,0,0,39,39,-19,-39" />
  <resource id="9" name="bitmaps/008_image.png,0,0,39,39,-19,-39" />
  <resource id="10" name="bitmaps/009_image.png,0,0,39,39,-19,-39" />
  <resource id="11" name="bitmaps/010_image.png,0,0,39,39,-19,-39" />
  <resource id="12" name="bitmaps/011_image.png,0,0,39,39,-19,-39" />
  <resource id="13" name="bitmaps/012_image.png,0,0,39,39,-19,-39" />
  <resource id="14" name="bitmaps/013_image.png,0,0,39,39,-19,-39" />
  <resource id="15" name="bitmaps/014_image.png,0,0,39,39,-19,-39" />
  <resource id="16" name="bitmaps/015_image.png,0,0,39,39,-19,-39" />
  <resource id="17" name="bitmaps/016_image.png,0,0,39,39,-19,-39" />
  <resource id="18" name="bitmaps/017_image.png,0,0,39,39,-19,-39" />
  <resource id="19" name="bitmaps/018_image.png,0,0,39,39,-19,-39" />
  <resource id="20" name="bitmaps/019_image.png,0,0,39,39,-19,-39" />
  <resource id="21" name="bitmaps/020_image.png,0,0,39,39,-19,-39" />
  <resource id="22" name="bitmaps/021_image.png,0,0,39,39,-19,-39" />
  <resource id="23" name="bitmaps/022_image.png,0,0,39,39,-19,-39" />
  <resource id="24" name="bitmaps/023_image.png,0,0,39,39,-19,-39" />
  <resource id="25" name="bitmaps/024_image.png,0,0,39,39,-19,-39" />
  <resource id="26" name="bitmaps/025_image.png,0,0,39,39,-19,-39" />
  <resource id="27" name="bitmaps/026_image.png,0,0,39,39,-19,-39" />
  <resource id="28" name="bitmaps/027_image.png,0,0,39,39,-19,-39" />
  <resource id="29" name="bitmaps/028_image.png,0,0,39,39,-19,-39" />
</bitmaps>
