<?xml version='1.0' encoding='utf-8'?>
<strings>
  <string id="0" type="0">
    <lang lang="de-DE">
      <text>|GATSO| FR</text>
    </lang>
  </string>
  <string id="1" type="0">
    <lang lang="de-DE">
      <text>|unknown| FR</text>
    </lang>
  </string>
  <string id="2" type="0">
    <lang lang="de-DE">
      <text>|speed| FR</text>
    </lang>
  </string>
  <string id="3" type="0">
    <lang lang="de-DE">
      <text>|30| FR</text>
    </lang>
  </string>
  <string id="4" type="0">
    <lang lang="de-DE">
      <text>|50| FR</text>
    </lang>
  </string>
  <string id="5" type="0">
    <lang lang="de-DE">
      <text>|70| FR</text>
    </lang>
  </string>
  <string id="6" type="0">
    <lang lang="de-DE">
      <text>|80| FR</text>
    </lang>
  </string>
  <string id="7" type="0">
    <lang lang="de-DE">
      <text>|90| FR</text>
    </lang>
  </string>
  <string id="8" type="0">
    <lang lang="de-DE">
      <text>|110| FR</text>
    </lang>
  </string>
  <string id="9" type="0">
    <lang lang="de-DE">
      <text>|130| FR</text>
    </lang>
  </string>
  <string id="10" type="0">
    <lang lang="de-DE">
      <text>|stop| FR</text>
    </lang>
  </string>
  <string id="11" type="0">
    <lang lang="de-DE">
      <text>|redlight| FR</text>
    </lang>
  </string>
  <string id="12" type="0">
    <lang lang="de-DE">
      <text>|railway| FR</text>
    </lang>
  </string>
  <string id="13" type="0">
    <lang lang="de-DE">
      <text>|gazole| FR</text>
    </lang>
  </string>
  <string id="14" type="0">
    <lang lang="de-DE">
      <text>|b7| FR</text>
    </lang>
  </string>
  <string id="15" type="0">
    <lang lang="de-DE">
      <text>|flex| FR</text>
    </lang>
  </string>
  <string id="16" type="0">
    <lang lang="de-DE">
      <text>|e85| FR</text>
    </lang>
  </string>
  <string id="17" type="0">
    <lang lang="de-DE">
      <text>|petrol| FR</text>
    </lang>
  </string>
  <string id="18" type="0">
    <lang lang="de-DE">
      <text>|e10| FR</text>
    </lang>
  </string>
  <string id="19" type="0">
    <lang lang="de-DE">
      <text>|e5| FR</text>
    </lang>
  </string>
  <string id="20" type="0">
    <lang lang="de-DE">
      <text>|sp95| FR</text>
    </lang>
  </string>
  <string id="21" type="0">
    <lang lang="de-DE">
      <text>|sp98| FR</text>
    </lang>
  </string>
  <string id="22" type="0">
    <lang lang="de-DE">
      <text>|gaz| FR</text>
    </lang>
  </string>
  <string id="23" type="0">
    <lang lang="de-DE">
      <text>|lpg| FR</text>
    </lang>
  </string>
  <string id="24" type="0">
    <lang lang="de-DE">
      <text>|gpl| FR</text>
    </lang>
  </string>
  <string id="25" type="0">
    <lang lang="de-DE">
      <text>|gnv| FR</text>
    </lang>
  </string>
  <string id="26" type="0">
    <lang lang="de-DE">
      <text>|electricity| FR</text>
    </lang>
  </string>
  <string id="27" type="0">
    <lang lang="de-DE">
      <text>|pressure| FR</text>
    </lang>
  </string>
  <string id="28" type="0">
    <lang lang="de-DE">
      <text>|adblue| FR</text>
    </lang>
  </string>
</strings>
