-0.41641,46.32149,"max @90","POITIERS VERS LA ROCHELLE RD611"
3.06145,42.52638,"max @90","PERPIGNAN VERS CERBERE RD914"
-4.27611,48.37632,"max @90","BREST VERS QUIMPER RN165"
4.70319,49.74891,"max @90","CHARLEVILLE MEZIERES VERS SEDAN RN43"
1.68252,45.20905,"max @90","TULLE VERS BRIVE LA GAILLARDE RD1089"
2.48193,49.24949,"max @90","CLERMONT VERS CHANTILLY RD1016"
-0.51692,47.4634,"max @90","ANGERS VERS CHOLET A87Nord"
6.0775,49.383,"max @90","THIONVILLE vers ANGEVILLERS RD14"
2.4563919,48.8824598,"max @90","PARIS vers PROVINCE A3"
6.3931,45.663,"max @90","MOUTIERS vers CHAMBERY RN90"
4.3817,48.97,"max @90","CHALONS EN CHAMPAGNE vers REIMS RN44"
-0.4299,49.191,"max @90","BAYEUX vers CAEN RN13"
-60.9415,14.696,"max @90","LA TRINITE vers LE ROBERT RN1"
-61.00321,14.60521,"max @90","FORT DE FRANCE vers LE MARIN A1"
-61.00278,14.60472,"max @90","LE MARIN vers FORT DE FRANCE A1"
6.9447,48.274,"max @90","REMOMEIX vers BACCARAT RN59"
-1.4172,46.366,"max @90","LA TRANCHE SUR MER vers MOUTIERS LES MAUXFAITS RD747"
1.7391,50.157,"max @90","ST VALERY sur SOMME vers ABBEVILLE RD40"
4.8355,45.7,"max @90","MARSEILLE vers LYON A7"
2.2345,48.926,"max @90","ST DENIS vers NANTERRE A86"
-2.1864,47.32235,"max @90","NANTES VERS LA BAULE RN171"
2.2539,49.138,"max @90","Paris vers Province RD301"
5.13707,45.6292,"max @90","BOURGOIN JALLIEU vers LYON RD313"
2.417,48.939,"max @90","PROVINCE vers PARIS A1"
2.4488,48.807,"max @90","MAISONS ALFORT vers CHOISY LE ROI A86"
2.4557,48.616,"max @90","LISSES vers ST GERMAIN LES CORBEIL RN104"
2.38499,49.00193,"max @90","SARCELLES VERS LE MESNIL AUBRY RD316"
5.40459,43.28424,"max @90","AUBAGNE VERS MARSEILLE A50"
4.79282,43.79627,"max @90","TARASCON vers CAVAILLON RD99"
2.24145,48.93396,"max @90","BEZONS VERS EPINAY SUR SEINE RD311"
2.47952,48.829,"max @90","PARIS VERS REIMS A4"
6.16465,49.34809,"max @90","METZ vers LUXEMBOURG A31"
-61.52375,16.23322,"max @90","POINTE A PITRE VERS LE GOSIER RN4"
-61.56169,16.25425,"max @90","POINTE A PITRE VERS BASSE TERRE RN1"
2.32338,50.0692,"max @90","DOUBLE SENS RN25"
2.09043,48.97205,"max @90","CONFLANS STE HONORINE VERS ST GERMAIN EN LAYE RN184"
2.69002,48.39021,"max @90","NEMOURS VERS PARIS RD607"
6.76261,45.9246,"max @90","CHAMONIX MONT BLANC VERS ST GERVAIS LES BAINS RN205"
-0.42041,47.53002,"max @90","VERRIERES EN ANJOU vers CORZE RD323"
-0.59243,47.49088,"max @90","Nantes vers Paris A11"
-0.56276,47.49646,"max @90","Paris vers Nantes A11"
4.71759,45.57498,"max @90","LYON vers ST ETIENNE A47"
4.81219,45.79056,"max @90","VILLEURBANNE vers TASSIN LA DEMI LUNE BPNL"
4.81196,45.79046,"max @90","TASSIN LA DEMI LUNE vers VILLEURBANNE BPNL"
2.01914,48.7812,"max @90","PARIS vers CHARTRES RN10"
3.36908,50.31572,"max @90","Escaudain vers Douchy les Mines A21"
6.16654,48.7198,"max @90","METZ vers TOUL A31"
-60.97806,14.63194,"max @90","LE ROBERT vers LE LAMENTIN RN1"
-1.70841,48.13248,"max @90","porte de St Malo vers porte de Brest RN136"
2.08489,49.06125,"max @90","OSNY vers CERGY RD915"
1.75875,49.16919,"max @90","PONTOISE vers ROUEN RD14"
2.14312,49.05014,"max @90","ROISSY EN FRANCE vers CERGY RN184"
3.89596,48.4611,"max @90","Troyes vers Paris RD619"
2.39371,48.92523,"max @90","ST DENIS vers BOBIGNY A86"
3.30629,43.38265,"max @90","BEZIERS vers PEZENAS RN9"
3.93013,50.05332,"max @90","AVESNES SUR HELPE VERS ETROEUNGT RN2"
5.421242,43.511386,"max @90","Aix en Provence vers Marseille A51"
-60.9775,14.63278,"max @90","LE LAMENTIN vers LE ROBERT RN1"
-60.98356,14.59177,"max @90","Ducos vers Lamentin RN5"
2.18068,48.4641,"max @90","ETRECHY VERS ETAMPES RN20"
2.76789,48.07385,"max @90","Montargis vers Fontenay sur Loing RD2007"
0.99485,49.51508,"max @90","Totes vers Rouen A151"
0.17798,47.95941,"max @90","Le Mans vers Arnage RD147"
-1.48392,47.20207,"max @90","PARIS VERS BORDEAUX RN844"
4.25068,45.34126,"max @90","ST ETIENNE VERS LE PUY EN VELAY RN88"
2.34565,48.77228,"max @90","Paris vers Chevilly Larue A6a"
2.2926,48.7184,"max @90","Paris vers chartres A10"
3.00028,42.47175,"max @90","LE BARCARES vers PERPIGNAN RD 83"
5.02967,43.41146,"max @90","Marseille vers Fos sur mer A55"
4.97056,43.42639,"max @90","ARLES vers MARTIGUES RN568"
-52.3294,4.91361,"max @90","Matoury vers cayenne RN1"
-1.62729,48.09194,"max @90","PARIS VERS PROVINCE RN136"
1.36462,43.99928,"max @90","TOULOUSE VERS PARIS A20"
2.68374,48.41031,"max @90","PARIS VERS NEMOURS RD607"
-0.53976,44.79351,"max @90","BAYONNE VERS PARIS A630"
-0.55531,44.77214,"max @90","TOULOUSE VERS BORDEAUX A62"
4.78431,45.78817,"max @90","PARIS VERS MARSEILLE A6"
5.50762,45.34614,"max @90","LYON VERS GRENOBLE RD1085"
5.75387,45.16216,"max @90","GRENOBLE VERS CHAMBERY RN87"
-60.97658,14.49675,"max @90","FORT DE FRANCE VERS STE LUCE RN5"
-61.51586,16.21938,"max @90","LE GOSIER VERS POINTE A PITRE RN4"
2.3462,49.0336,"max @90","PARIS VERS BEAUVAIS RD301"
4.88861,43.90759,"max @90","CAVAILLON VERS AVIGNON RN7"
-0.39921,46.3403,"max @90","POITIERS VERS NIORT RD611"
5.91991,45.57761,"max @90","AIX LES BAINS vers GRENOBLE RN201"
6.38075,45.66007,"max @90","CHAMBERY VERS MOUTIERS RN90"
0.17247,48.00592,"max @90","LE MANS VERS ALENCON RD338"
3.48521,50.36118,"max @90","LILLE vers VALENCIENNES A23"
6.16564,49.3479,"max @90","LUXEMBOURG vers METZ A31"
-0.50794,47.4343,"max @90","CHOLET VERS ANGERS A87 Rocade Est d'Angers (REA)"
-1.91423,48.54474,"max @90","PONTORSON VERS DINAN RN176"
-0.52507,44.88037,"max @90","BORDEAUX VERS PARIS A630"
1.96545,48.25584,"max @90","ORLEANS VERS PARIS RD2020"
4.88148,44.98155,"max @90","TAIN L HERMITAGE VERS VALENCE RN7"
4.75749,44.61569,"max @90","MONTELIMAR VERS LORIOL SUR DROME RN7"
3.49286,47.63893,"max @90","DOUBLE SENS RN151"
6.15583,48.7377,"max @90","NANCY VERS METZ A31"
4.86778,45.03297,"max @90","VALENCE VERS TAIN L HERMITAGE RN7"
4.89056,44.94417,"max @90","VALENCE VERS LYON A7"
2.603,48.7281,"max @90","BRIE COMTE ROBERT VERS PONTAULT COMBAULT RN104"
4.04309,49.27948,"max @90","CHARLEVILLE VERS LAON BLD DES TONDEURS, HAUTEUR POINT LUMINEUX 106.99"
3.88749,43.58267,"max @90","BEZIERS VERS NIMES A709"
4.89039,44.94417,"max @90","VALENCE VERS LYON A7"
4.62824,43.66752,"max @90","SALON DE PROVENCE  VERS NIMES RN113"
2.33953,48.80902,"max @90","PARIS VERS L HAY LES ROSES A6A"
0.64905,47.36322,"max @90","JOUE LES TOURS VERS LA RICHE RD37"
2.44136,48.87583,"max @90","PROVINCE VERS PARIS A3"
3.0216,50.6219,"max @90","DUNKERQUE vers LILLE A25"
2.21065,48.74922,"max @90","SACLAY VERS PARIS RN118"
1.88819,47.9409,"max @90","SARAN VERS ST JEAN DE LA RUELLE RD520"
6.12006,43.11342,"max @90","TOULON VERS HYERES RN98"
6.07178,43.27574,"max @90","BRIGNOLES VERS CUERS RD43"
5.97579,43.12813,"max @90","TOULON VERS HYERES A57"
3.21671,45.60167,"max @90","CLERMONT FERRAND VERS MONTPELLIER A75"
2.4287,48.91851,"max @90","BONDY vers ST DENIS A86"
-0.32943,49.19715,"max @90","OUISTREHAM VERS CAEN RD515"
1.44788,43.57446,"max @90","TARBES VERS MONTPELLIER A620"
2.66782,49.40326,"max @90","CLERMONT VERS COMPIEGNE RN31"
2.09979,49.45185,"max @90","TROISSEREUX VERS BEAUVAIS RD901"
2.45689,48.81849,"max @90","province vers PARIS A4"
55.2521,-21.0323,"max @90","ST PIERRE vers ST DENIS RN1"
2.50757,49.03754,"max @90","SURVILLIERS vers ROISSY EN FRANCE RD317"
2.40266,48.9355,"max @90","LE BOURGET vers PARIS A1"
2.37925,48.93356,"max @90","LE BOURGET vers PARIS A1"
2.45613,49.26611,"max @90","NOGENT SUR OISE vers MONTATAIRE RD200"
1.39587,48.20221,"max @90","CHARTRES VERS CHATEAUDUN RN10"
1.93712,48.20265,"max @90","PARIS vers ORLEANS RD2020"
55.50166,-21.30224,"max @90","LE TAMPON VERS ST PIERRE RN3"
6.94834,49.15779,"max @90","Forbach vers Sarreguemines RD31Bis"
-0.28801,44.15049,"max @90","Captieux vers Roquefort RD932"
6.05059,44.52221,"max @90","GAP vers SISTERON RN85"
3.551,47.842,"max @90","Auxerre vers Joigny RN6"
3.29971,48.07803,"max @90","Joigny vers Sens RD606"
4.97613,45.77717,"max @90","ST PRIEST VERS RILLIEUX LA PAPE RN346"
2.86406,50.57415,"max @90","LA BASSEE VERS LILLE RN41"
1.28269,45.82851,"max @90","PIERRE BUFFIERE vers PARIS A20"
7.72771,48.63794,"max @90","Strasbourg vers Paris A4"
1.87366,50.73835,"max @90","BOULOGNE SUR MER vers ST OMER RN42"
3.05691,50.3521,"max @90","CAMBRAI VERS LENS RD621"
3.96186,43.56071,"max @90","CARNON PLAGE vers MONTPELLIER RD66"
3.57369,48.72874,"max @90","Nancy vers Paris RN4"
1.12689,43.58975,"max @90","TOULOUSE vers AUCH RN124"
1.87414,48.04414,"max @90","Artenay vers Orléans RD2020"
2.27738,48.71328,"max @90","PALAISEAU vers WISSOUS A10"
1.50614,44.13588,"max @90","CAUSSADE vers MONTAUBAN RD820"
2.16487,43.94343,"max @90","Toulouse vers Carmaux RN88"
2.16475,43.94325,"max @90","Carmaux vers Toulouse RN88"
6.17853,43.125,"max @90","HYERES VERS LA LONDE LES MAURES RD98"
0.17226,47.99672,"max @90","ALENCON VERS ANGERS RD338"
2.85651,42.59905,"max @90","LE BOULOU VERS PERPIGNAN RD900"
2.98764,42.78215,"max @90","CLAIRA vers LE BARCARES RD 83"
4.0023,49.25473,"max @90","Cormontreuil vers Tinqueux Traversée Urbaine de Reims"
7.72804,48.63827,"max @90","PARIS VERS STRASBOURG A4"
0.42488,46.72308,"max @90","CHATELLERAULT vers POITIERS RD910"
0.7688,49.20909,"max @90","ROUEN VERS ALENCON A28"
0.70935,49.16313,"max @90","ALENCON VERS ROUEN A28"
55.46355,-20.88223,"max @90","ST PIERRE VERS ST DENIS RN1"
5.33245,45.41662,"max @90","GRENOBLE VERS LYON RD1085"
6.0142,46.55238,"max @90","ST LAURENT EN GRANDVAUX VERS LES ROUSSES RN5"
-60.98281,14.58958,"max @90","LAMENTIN VERS DUCOS RN5"
1.88208,50.9345,"max @90","DUNKERQUE VERS BOULOGNE A16"
-3.34723,48.2452,"max @90","CHATEAULIN VERS RENNES RN164"
-61.56124,16.25425,"max @90","BASSE TERRE VERS POINTE A PITRE RN1"
1.10488,49.9185,"max @90","LE TREPORT VERS DIEPPE RD485"
4.9038,43.98956,"max @90","AVIGNON VERS CARPENTRAS RD942"
4.03943,49.23461,"max @90","TINQUEUX vers CORMONTREUIL traversée urbaine de REIMS"
6.21497,49.11965,"max @90","STRASBOURG vers METZ RN233"
2.84479,48.95811,"max @90","MEAUX VERS PARIS RN3"
0.49729,44.23888,"max @90","AGEN VERS BORDEAUX RD813"
4.77246,43.94882,"max @90","NIMES VERS AVIGNON RD6100"
2.56774,48.93387,"max @90","VILLEPARISIS VERS PARIS RN3"
2.33193,49.04783,"max @90","ATTAINVILLE VERS SARCELLES RD301"
4.8323,45.48273,"max @90","VIENNE VERS VALENCE RN7"
5.11342,45.65505,"max @90","BOURGOIN JALLIEU VERS LYON RD1006"
-4.40205,48.3913,"max @90","QUIMPER VERS BREST RN165"
4.84069,43.94887,"max @90","AVIGNON VERS ORANGE RD907"
4.84067,43.94884,"max @90","ORANGE VERS AVIGNON RD907"
-1.69679,48.08149,"max @90","ST BRIEUC VERS LAVAL RN136"
5.34679,43.34427,"max @90","MARTIGUES vers MARSEILLE A55"
5.3471,43.35563,"max @90","MARTIGUES vers MARSEILLE A55"
5.37814,43.3278,"max @90","LYON vers MARSEILLE A7"
5.37299,43.4229,"max @90","MARSEILLE vers AIX EN PROVENCE A51"
2.36345,48.92981,"max @90","LILLE VERS PARIS A1"
7.25137,43.73442,"max @90","MARSEILLE VERS MENTON A8"
2.60488,48.45603,"max @90","FONTAINEBLEAU VERS PARIS RD637"
2.60473,48.45588,"max @90","PARIS VERS FONTAINEBLEAU RD637"
4.77037,44.63378,"max @90","LORIOL SUR DROME vers MONTELIMAR RN7"
-1.1071,46.11793,"max @90","ROCHEFORT VERS DOMPIERRE SUR MER RD137"
-1.13972,46.18153,"max @90","ST MARTIN DE RE VERS ROCHEFORT RN237"
2.44854,48.8167,"max @90","PARIS VERS PONTAULT COMBAULT A4"
5.35354,43.38001,"max @90","LYON VERS MARSEILLE A7"
6.14738,49.1069,"max @90","NANCY vers THIONVILLE A31"
2.40784,48.7741,"max @90","VERSAILLES VERS CRETEIL A86"
-0.31164,49.17486,"max @90","PARIS VERS CHERBOURG OCTEVILLE RN814"
3.183342,44.417805,"max @90","BEZIERS vers CLERMONT FERRAND A75"
2.194555,48.485161,"max @90","ETAMPES vers ARPAJON RN20"
2.140934,48.423793,"max @90","ORLEANS vers ETAMPES RN20"
4.150615,45.266063,"max @90","MONISTROL SUR LOIRE vers le puy RN 88"
2.44358,48.7037,"max @90","PARIS vers PROVINCE RN6"
2.8484,50.4347,"max @90","CALAIS vers DOUAI A21"
5.07991,47.3168,"max @90","LONGVIC vers ST APOLLINAIRE RN274"
3.13346,50.68421,"max @90","ROUBAIX vers LILLE RD656"
1.49663,43.58519,"max @90","CARCASSONNE vers MONTAUBAN A61"
2.83944,50.44641,"max @90","DOUAI vers AIX NOULETTE A21"
-0.9653,45.9092,"max @90","ROYAN vers ROCHEFORT RD733"
1.46013,43.64658,"max @90","BORDEAUX vers MONTPELLIER A62"
7.201861,43.710541,"max @90","MENTON vers CANNES A8"
1.399065,43.590861,"max @90","BORDEAUX vers TARBES A620"
1.05613,49.42835,"max @90","ROUEN vers CAEN RN338"
2.28695,50.998,"max @90","BOURBOURG vers DUNKERQUE A16"
2.38797,51.01468,"max @90","BELGIQUE vers FRANCE A16"
1.42083,43.6353,"max @90","BORDEAUX vers TARBES A620"
4.86708,43.97436,"max @90","CARPENTRAS vers AVIGNON RD225"
1.31941,43.6077,"max @90","AUCH vers TOULOUSE RN124"
0.26737,46.46028,"max @90","ANGOULEME vers POITIERS RN10"
0.0328,45.67,"max @90","COGNAC VERS ANGOULEME RN141"
6.6222,45.195,"max @90","FRANCE vers ITALIE A43"
4.772833,45.671884,"max @90","LYON vers RIVE DE GIER A450"
4.8309,45.695,"max @90","BRIGNAIS vers LYON A450"
1.4101,43.608,"max @90","TARBES vers BORDEAUX A620"
3.3157,43.827,"max @90","MILLAU vers MONTPELLIER A75"
1.04682,49.4168,"max @90","PARIS vers ROUEN RN338"
-0.6426,44.871,"max @90","MERIGNAC vers PESSAC A630"
2.35524,48.62899,"max @90","VIRY CHATILLON vers LE PLESSIS PATE RD445"
6.589798,43.382116,"max @90","Ste Maxime vers Le Muy RD25"
6.5964,43.369,"max @90","LE MUY vers STE MAXIME RD25"
5.9364,45.571,"max @90","GRENOBLE vers AIX LES BAINS RN201"
1.3988,43.592,"max @90","TARBES vers MONTAUBAN A620"
0.9608,48.742,"max @90","VERNEUIL SUR AVRE vers NONANCOURT RN12"
4.90727,45.76502,"max @90","PARIS vers MARSEILLE RD383"
4.9072,45.765,"max @90","MARSEILLE vers PARIS RD383"
1.9304,47.934,"max @90","ORLEANS vers MONTARGIS Tangentielle Est"
-2.7402,48.51,"max @90","Rennes vers Brest RN12"
-2.745,48.517,"max @90","Brest vers Rennes RN12"
0.2005,45.989,"max @90","POITIERS vers ANGOULEME RN10"
0.707,47.396,"max @90","PARIS vers BORDEAUX A10"
0.7134,47.363,"max @90","BORDEAUX vers PARIS A10"
-0.6321,44.783,"max @90","BAYONNE vers BORDEAUX A63"
2.2093,48.536,"max @90","MAUCHAMPS vers EGLY RN20"
3.0965,50.589,"max @90","LILLE vers PARIS A1"
3.0907,50.583,"max @90","PARIS vers LILLE A1"
-1.106,46.126,"max @90","ROCHEFORT vers ILE DE RE RN137"
-1.4765,47.251,"max @90","NANTES vers PARIS A811"
4.9788,45.731,"max @90","PARIS vers MARSEILLE RN346"
4.917147,45.81559,"max @90","PARIS vers MARSEILLE A46"
-1.5225,47.165,"max @90","CARQUEFOU vers NANTES A811"
-1.5225,47.165,"max @90","CHEVIRE vers PORTE DES SORINIERES RN844"
2.3332,48.609,"max @90","EVRY vers BRETIGNY SUR ORGE RD19"
2.3333,48.609,"max @90","BRETIGNY SUR ORGE vers EVRY RD19"
5.9427,45.567,"max @90","CHAMBERY vers ALBERTVILLE RN201"
5.9082,45.585,"max @90","GRENOBLE vers AIX LES BAINS RN201"
7.7303,48.589,"max @90","STRASBOURG vers COLMAR A35"
-1.5229,47.165,"max @90","PORTE DES SORINIERES vers CHEVIRE RN844"
1.3748,48.18,"max @90","CHATEAUDUN vers CHARTRES RN10"
1.3646,43.999,"max @90","MONTAUBAN vers TOULOUSE A20"
4.9715,45.777,"max @90","PARIS vers Marseille RN346"
1.421,43.634,"max @90","TOULOUSE vers BORDEAUX A620"
1.4965,43.584,"max @90","TOULOUSE vers MONTPELLIER A61"
4.9344,45.796,"max @90","MARSEILLE vers PARIS RN346"
2.4822,48.997,"max @90","PARIS vers PROVINCE D317"
1.9303,47.934,"max @90","MONTARGIS vers ORLEANS Tangentielle Est"
1.891,48.108,"max @90","ARTENAY vers PARIS RD2020"
0.6534,47.372,"max @90","JOUE LES TOURS vers FONDETTES RD37"
0.7027,47.321,"max @90","TOURS vers CHAMBRAY LES TOURS RD37"
0.6533,47.372,"max @90","FONDETTES vers JOUE LES TOURS RD37"
6.0908,49.377,"max @90","ANGEVILLERS vers THIONVILLE RD14"
0.356,46.618,"max @90","LIMOGES vers NANTES RN147"
0.3449,46.619,"max @90","NANTES vers LIMOGES RN147"
4.2526,45.361,"max @90","ST FERREOL D AUROURE vers ST ETIENNE RN88"
2.19009,48.70775,"max @90","PARIS VERS LES ULIS RN118"
6.1618,49.12731,"max @90","METZ vers THIONVILLE A31"
6.0976,47.467,"max @90","VESOUL vers BESANCON RN57"
3.9190434,43.6003649,"max @90","NIMES vers BEZIERS A709"
2.81354,48.844561,"max @90","BAILLY ROMAINVILLIERS vers CHESSY RD344P"
2.31103,48.59435,"max @90","BRETIGNY SUR ORGE vers LE PLESSIS PATE RD19"
1.463,44.102,"max @90","MONTAUBAN vers CAUSSADE RD820"
6.92866,48.65425,"max @90","HEMING vers LUNEVILLE RN4"
-2.2933,47.259,"max @90","ST NAZAIRE VERS PORNICHET RD92"
6.4332,46.347,"max @90","EVIAN LES BAINS vers GENEVE RD1005"
-2.7858,47.664,"max @90","Nantes vers Brest RN165"
5.5765,46.802,"max @90","LONS LE SAUNIER vers BESANCON RD1083"
1.0958,49.037,"max @90","EVREUX vers CAEN RN1013"
4.4026,43.8356,"max @90","BEAUCAIRE vers NIMES RD999"
4.402,43.8356,"max @90","NIMES vers BEAUCAIRE RD999"
4.1338,44.195,"max @90","ALES vers SAINT AMBROIX RD904"
1.48905,45.13998,"average @90","NOAILLES vers BRIVE LA GAILLARDE A20"
4.94777,43.47071,"average @90","ISTRES VERS FOS SUR MER RN569"
5.49962,43.2881,"average @90","MARSEILLE vers AUBAGNE A50"
5.4851,43.29128,"average @90","AUBAGNE vers MARSEILLE A50"
6.70281,47.05667,"average @90","VILLERS LE LAC vers SUISSE RD461"
3.22375,45.59569,"average @90","ISSOIRE vers CLERMONT FERRAND A75"
1.88102,47.99532,"average @90","Chevilly vers Cercottes RD2020"
4.20981,46.57685,"average @90","PARAY LE MONIAL vers MONTCEAU LES MINES RN 70"
4.74256,46.31887,"average @90","CHARNAY LES MACON Vers PRISSE RN 79"
1.88121,47.99521,"average @90","Cercottes vers Chevilly RD2020"
7.10675,51.21367,"max @90","DE Radar Fixe DE 90"
7.10633,51.21417,"max @90","DE Radar Fixe DE 90"
4.46617,51.50563,"max @90","NL Radar Fixe NL 90"
4.46617,51.50563,"max @90","NL Radar Fixe NL 90"
4.46617,51.50563,"max @90","NL Radar Fixe NL 90"
4.46617,51.50563,"max @90","NL Radar Fixe NL 90"
-6.0332,38.25644,"max @90","ES Radar Fixe ES 90"
-5.12786,36.70263,"max @90","ES Radar Fixe ES 90"
-6.01051,37.4983,"max @90","ES Radar Fixe ES 90"
3.25843,39.56138,"max @90","ES Radar Fixe ES 90"
3.24751,39.58652,"max @90","ES Radar Fixe ES 90"
2.10235,41.79976,"max @90","ES Radar Fixe ES 90"
2.3435,42.25356,"max @90","ES Radar Fixe ES 90"
3.0206,39.8625,"max @90","ES Radar Fixe ES 90"
3.13271,39.77918,"max @90","ES Radar Fixe ES 90"
1.0778,41.14364,"max @90","ES Radar Fixe ES 90"
1.71394,41.87306,"max @90","ES Radar Fixe ES 90"
3.16156,41.9389,"max @90","ES Radar Fixe ES 90"
1.87265,42.22254,"max @90","ES Radar Fixe ES 90"
0.64386,41.81189,"max @90","ES Radar Fixe ES 90"
0.73336,42.84623,"max @90","ES Radar Fixe ES 90"
1.37228,42.02393,"max @90","ES Radar Fixe ES 90"
1.36276,41.83079,"max @90","ES Radar Fixe ES 90"
0.90747,42.18668,"max @90","ES Radar Fixe ES 90"
0.75359,41.578,"max @90","ES Radar Fixe ES 90"
1.65783,41.6237,"max @90","ES Radar Fixe ES 90"
-3.66022,40.42654,"max @90","ES Radar Fixe ES 90"
1.88724,41.54126,"max @90","ES Radar Fixe ES 90"
1.96449,41.56565,"max @90","ES Radar Fixe ES 90"
2.06743,41.58183,"max @90","ES Radar Fixe ES 90"
-4.03179,39.88458,"max @90","ES Radar Fixe ES 90"
2.15765,41.48635,"max @90","ES Radar Fixe ES 90"
1.18434,41.31346,"max @90","ES Radar Fixe ES 90"
-0.39507,39.16233,"max @90","ES Radar Fixe ES 90"
-3.39481,36.70812,"max @90","ES Radar Fixe ES 90"
-5.81912,43.09961,"max @90","ES Radar Fixe ES 90"
-4.57789,36.7336,"max @90","ES Radar Fixe ES 90"
-4.85272,37.5806,"max @90","ES Radar Fixe ES 90"
-6.80256,37.50832,"max @90","ES Radar Fixe ES 90"
-6.69224,37.6187,"max @90","ES Radar Fixe ES 90"
-4.82143,37.77638,"max @90","ES Radar Fixe ES 90"
-5.50718,37.23022,"max @90","ES Radar Fixe ES 90"
-3.27599,43.09757,"max @90","ES Radar Fixe ES 90"
-6.8786,37.23422,"max @90","ES Radar Fixe ES 90"
2.90467,41.71983,"max @90","ES Radar Fixe ES 90"
-6.47875,39.9079,"max @90","ES Radar Fixe ES 90"
-6.54907,39.9995,"max @90","ES Radar Fixe ES 90"
-1.90594,39.72984,"max @90","ES Radar Fixe ES 90"
1.17175,41.6954,"max @90","ES Radar Fixe ES 90"
1.23604,41.75254,"max @90","ES Radar Fixe ES 90"
0.8856,41.61474,"max @90","ES Radar Fixe ES 90"
-3.9771,40.66726,"max @90","ES Radar Fixe ES 90"
-5.77453,37.62899,"max @90","ES Radar Fixe ES 90"
0.83522,41.53756,"max @90","ES Radar Fixe ES 90"
1.91601,41.58756,"max @90","ES Radar Fixe ES 90"
1.6479,42.3662,"max @90","ES Radar Fixe ES 90"
-3.74543,40.47443,"max @90","ES Radar Fixe ES 90"
2.16658,41.64067,"max @90","ES Radar Fixe ES 90"
-5.87199,43.32272,"max @90","ES Radar Fixe ES 90"
-5.8395,43.34938,"max @90","ES Radar Fixe ES 90"
0.56895,41.83861,"max @90","ES Radar Fixe ES 90"
0.71043,42.45961,"max @90","ES Radar Fixe ES 90"
-3.77255,38.02617,"max @90","ES Radar Fixe ES 90"
1.3143,42.16122,"max @90","ES Radar Fixe ES 90"
-6.71875,37.79782,"max @90","ES Radar Fixe ES 90"
1.74758,42.37321,"max @90","ES Radar Fixe ES 90"
2.17972,41.60627,"max @90","ES Radar Fixe ES 90"
1.84157,41.69899,"max @90","ES Radar Fixe ES 90"
-1.08214,37.70616,"max @90","ES Radar Fixe ES 90"
-3.67432,40.47936,"max @90","ES Radar Fixe ES 90"
2.19372,41.48768,"max @90","ES Radar Fixe ES 90"
0.4093,41.7563,"max @90","ES Radar Fixe ES 90"
1.67762,41.45637,"max @90","ES Radar Fixe ES 90"
2.72535,41.96782,"max @90","ES Radar Fixe ES 90"
2.97399,42.12874,"max @90","ES Radar Fixe ES 90"
2.54366,41.79905,"max @90","ES Radar Fixe ES 90"
2.74188,42.18168,"max @90","ES Radar Fixe ES 90"
3.09052,41.9516,"max @90","ES Radar Fixe ES 90"
2.85253,41.90982,"max @90","ES Radar Fixe ES 90"
-3.35235,38.18224,"max @90","ES Radar Fixe ES 90"
-3.6592,40.41667,"max @90","ES Radar Fixe ES 90"
-3.73476,40.42761,"max @90","ES Radar Fixe ES 90"
-3.73071,40.47276,"max @90","ES Radar Fixe ES 90"
-3.73889,40.30228,"max @90","ES Radar Fixe ES 90"
-13.86845,28.47458,"max @90","ES Radar Fixe ES 90"
-13.86882,28.48074,"max @90","ES Radar Fixe ES 90"
-6.11103,43.47227,"max @90","ES Radar Fixe ES 90"
1.40444,42.3296,"max @90","ES Radar Fixe ES 90"
1.32772,42.2047,"max @90","ES Radar Fixe ES 90"
1.01246,41.12375,"max @90","ES Radar Fixe ES 90"
2.76539,41.67423,"max @90","ES Radar Fixe ES 90"
2.71122,41.7185,"max @90","ES Radar Fixe ES 90"
2.816,41.74575,"max @90","ES Radar Fixe ES 90"
2.51355,41.70147,"max @90","ES Radar Fixe ES 90"
1.69969,41.21944,"max @90","ES Radar Fixe ES 90"
1.71893,41.32298,"max @90","ES Radar Fixe ES 90"
-4.56113,36.69467,"max @90","ES Radar Fixe ES 90"
-5.04982,36.87413,"max @90","ES Radar Fixe ES 90"
-5.09753,37.80637,"max @90","ES Radar Fixe ES 90"
-3.81468,40.3605,"max @90","ES Radar Fixe ES 90"
-4.04995,39.04541,"max @90","ES Radar Fixe ES 90"
-1.21896,41.99351,"max @90","ES Radar Fixe ES 90"
0.98605,41.4253,"max @90","ES Radar Fixe ES 90"
-3.94493,40.41472,"max @90","ES Radar Fixe ES 90"
-4.00889,40.27328,"max @90","ES Radar Fixe ES 90"
2.00162,41.43529,"max @90","ES Radar Fixe ES 90"
-0.76222,38.09842,"max @90","ES Radar Fixe ES 90"
0.4494,40.52266,"max @90","ES Radar Fixe ES 90"
-2.71106,40.99524,"max @90","ES Radar Fixe ES 90"
1.7125,41.3799,"max @90","ES Radar Fixe ES 90"
1.70763,41.3975,"max @90","ES Radar Fixe ES 90"
2.70179,41.83838,"max @90","ES Radar Fixe ES 90"
0.91457,41.75453,"max @90","ES Radar Fixe ES 90"
-5.4435,43.48708,"max @90","ES Radar Fixe ES 90"
-5.4305,43.488,"max @90","ES Radar Fixe ES 90"
-5.55422,43.416,"max @90","ES Radar Fixe ES 90"
-5.5388,43.4326,"max @90","ES Radar Fixe ES 90"
2.46116,41.6617,"max @90","ES Radar Fixe ES 90"
-5.65717,42.57401,"max @90","ES Radar Fixe ES 90"
-5.64948,42.57709,"max @90","ES Radar Fixe ES 90"
-6.01047,37.4983,"max @90","ES Radar Fixe ES 90"
-2.1528,40.03622,"max @90","ES Radar Fixe ES 90"
-4.03158,39.88461,"max @90","ES Radar Fixe ES 90"
2.08944,41.58889,"max @90","ES Radar Fixe ES 90"
-6.54887,37.04469,"max @90","ES Radar Fixe ES 90"
2.33624,41.63434,"max @90","ES Radar Fixe ES 90"
2.23223,41.63498,"max @90","ES Radar Fixe ES 90"
3.06752,42.13889,"max @90","ES Radar Fixe ES 90"
-4.53135,41.98154,"max @90","ES Radar Fixe ES 90"
-4.15154,42.74221,"max @90","ES Radar Fixe ES 90"
-0.89133,38.78374,"max @90","ES Radar Fixe ES 90"
-2.22983,38.84626,"max @90","ES Radar Fixe ES 90"
-2.0249,39.44348,"max @90","ES Radar Fixe ES 90"
-0.98216,41.66346,"max @90","ES Radar Fixe ES 90"
-3.96292,40.55618,"max @90","ES Radar Fixe ES 90"
1.52572,41.6246,"max @90","ES Radar Fixe ES 90"
1.78868,41.77196,"max @90","ES Radar Fixe ES 90"
2.1577,41.48636,"max @90","ES Radar Fixe ES 90"
2.25185,41.58753,"max @90","ES Radar Fixe ES 90"
1.18429,41.31345,"max @90","ES Radar Fixe ES 90"
2.14498,41.53226,"max @90","ES Radar Fixe ES 90"
2.05185,41.55472,"max @90","ES Radar Fixe ES 90"
2.21446,41.51477,"max @90","ES Radar Fixe ES 90"
2.20816,41.57408,"max @90","ES Radar Fixe ES 90"
1.77199,41.24852,"max @90","ES Radar Fixe ES 90"
-5.84879,40.02524,"max @90","ES Radar Fixe ES 90"
-5.56098,39.91689,"max @90","ES Radar Fixe ES 90"
-1.47057,41.8134,"max @90","ES Radar Fixe ES 90"
-1.39465,38.40766,"max @90","ES Radar Fixe ES 90"
-0.72215,38.09752,"max @90","ES Radar Fixe ES 90"
-0.61148,38.8036,"max @90","ES Radar Fixe ES 90"
-0.39508,39.16237,"max @90","ES Radar Fixe ES 90"
-0.38995,39.10983,"max @90","ES Radar Fixe ES 90"
-3.5043,43.0267,"max @90","ES Radar Fixe ES 90"
-3.54125,42.97556,"max @90","ES Radar Fixe ES 90"
-3.01752,39.91642,"max @90","ES Radar Fixe ES 90"
-3.17322,40.68649,"max @90","ES Radar Fixe ES 90"
-3.40643,43.09584,"max @90","ES Radar Fixe ES 90"
-4.41526,40.58668,"max @90","ES Radar Fixe ES 90"
2.9984,42.01057,"max @90","ES Radar Fixe ES 90"
-2.4474,41.05108,"max @90","ES Radar Fixe ES 90"
1.52355,41.71933,"max @90","ES Radar Fixe ES 90"
5.809973,49.613164,"max @90","BE Radar Fixe BE 90"
4.813585,50.662644,"max @90","BE Radar Fixe BE 90"
5.390898,50.682312,"max @90","BE Radar Fixe BE 90"
4.51153,50.24705,"max @90","BE Radar Fixe BE 90"
5.52378,50.85812,"max @90","BE Radar Fixe BE 90"
5.60816,49.68576,"max @90","BE Radar Fixe BE 90"
3.42651,51.14246,"max @90","BE Radar Fixe BE 90"
3.42643,51.143,"max @90","BE Radar Fixe BE 90"
4.51192,50.24627,"max @90","BE Radar Fixe BE 90"
4.6961,50.88943,"max @90","BE Radar Fixe BE 90"
5.35821,50.93665,"max @90","BE Radar Fixe BE 90"
4.95139,51.08365,"max @90","BE Radar Fixe BE 90"
5.35868,50.92718,"max @90","BE Radar Fixe BE 90"
3.09978,50.9386,"max @90","BE Radar Fixe BE 90"
3.09919,50.93908,"max @90","BE Radar Fixe BE 90"
4.69594,50.88944,"max @90","BE Radar Fixe BE 90"
5.43299,50.90515,"max @90","BE Radar Fixe BE 90"
5.31605,50.89461,"max @90","BE Radar Fixe BE 90"
4.39325,51.1842,"max @90","BE Radar Fixe BE 90"
4.35205,51.22568,"max @90","BE Radar Fixe BE 90"
5.14416,51.19989,"max @90","BE Radar Fixe BE 90"
5.4109,50.51702,"max @90","BE Radar Fixe BE 90"
5.33557,50.54907,"max @90","BE Radar Fixe BE 90"
5.34811,50.91635,"max @90","BE Radar Fixe BE 90"
5.35363,50.91899,"max @90","BE Radar Fixe BE 90"
4.83252,51.30698,"max @90","BE Radar Fixe BE 90"
3.75736,51.19909,"max @90","BE Radar Fixe BE 90"
3.44666,51.22164,"max @90","BE Radar Fixe BE 90"
3.75835,51.1029,"max @90","BE Radar Fixe BE 90"
3.73452,51.13093,"max @90","BE Radar Fixe BE 90"
4.81096,50.98299,"max @90","BE Radar Fixe BE 90"
5.50635,50.99856,"max @90","BE Radar Fixe BE 90"
5.32363,51.22185,"max @90","BE Radar Fixe BE 90"
5.32439,51.22199,"max @90","BE Radar Fixe BE 90"
5.36209,51.21449,"max @90","BE Radar Fixe BE 90"
5.55115,50.97925,"max @90","BE Radar Fixe BE 90"
4.55,51.14248,"max @90","BE Radar Fixe BE 90"
4.54994,51.14158,"max @90","BE Radar Fixe BE 90"
4.57729,51.12314,"max @90","BE Radar Fixe BE 90"
5.36048,50.93194,"max @90","BE Radar Fixe BE 90"
3.41589,50.88188,"max @90","BE Radar Fixe BE 90"
4.01794,50.92986,"max @90","BE Radar Fixe BE 90"
5.380004,50.662955,"max @90","BE Radar Fixe BE 90"
4.84851,51.18276,"max @90","BE Radar Fixe BE 90"
5.67949,51.0149,"max @90","BE Radar Fixe BE 90"
4.37798,51.13828,"max @90","BE Radar Fixe BE 90"
4.29653,51.07867,"max @90","BE Radar Fixe BE 90"
4.53409,51.23323,"max @90","BE Radar Fixe BE 90"
4.57721,51.12299,"max @90","BE Radar Fixe BE 90"
5.34183,50.91403,"max @90","BE Radar Fixe BE 90"
4.8985,51.34141,"max @90","BE Radar Fixe BE 90"
4.23679,51.10571,"max @90","BE Radar Fixe BE 90"
4.83308,51.30722,"max @90","BE Radar Fixe BE 90"
5.57257,50.98976,"max @90","BE Radar Fixe BE 90"
5.54297,50.91726,"max @90","BE Radar Fixe BE 90"
5.3177,50.92485,"max @90","BE Radar Fixe BE 90"
4.5524,51.12552,"max @90","BE Radar Fixe BE 90"
4.50335,51.232,"max @90","BE Radar Fixe BE 90"
2.69327,51.10053,"max @90","BE Radar Fixe BE 90"
3.42362,51.13592,"max @90","BE Radar Fixe BE 90"
4.13235,51.14433,"max @90","BE Radar Fixe BE 90"
3.82169,50.94292,"max @90","BE Radar Fixe BE 90"
3.73417,51.12976,"max @90","BE Radar Fixe BE 90"
3.73447,51.1311,"max @90","BE Radar Fixe BE 90"
5.54241,50.91667,"max @90","BE Radar Fixe BE 90"
3.42401,51.13512,"max @90","BE Radar Fixe BE 90"
3.69111,51.00084,"max @90","BE Radar Fixe BE 90"
3.68165,51.20856,"max @90","BE Radar Fixe BE 90"
2.9165,50.78597,"max @90","BE Radar Fixe BE 90"
5.31492,50.92834,"max @90","BE Radar Fixe BE 90"
2.68236,50.87175,"max @90","BE Radar Fixe BE 90"
3.10081,50.96141,"max @90","BE Radar Fixe BE 90"
5.5517,50.98005,"max @90","BE Radar Fixe BE 90"
4.28884,51.08249,"max @90","BE Radar Fixe BE 90"
2.86018,50.86411,"max @90","BE Radar Fixe BE 90"
4.78116,51.30185,"max @90","BE Radar Fixe BE 90"
3.72656,51.11122,"max @90","BE Radar Fixe BE 90"
3.62452,51.21039,"max @90","BE Radar Fixe BE 90"
4.04644,51.07616,"max @90","BE Radar Fixe BE 90"
5.32329,50.91958,"max @90","BE Radar Fixe BE 90"
3.35111,50.84553,"max @90","BE Radar Fixe BE 90"
5.60621,51.00545,"max @90","BE Radar Fixe BE 90"
5.60582,51.00495,"max @90","BE Radar Fixe BE 90"
3.436,51.10425,"max @90","BE Radar Fixe BE 90"
5.20682,50.81881,"max @90","BE Radar Fixe BE 90"
4.21111,51.13374,"max @90","BE Radar Fixe BE 90"
2.85982,50.86444,"max @90","BE Radar Fixe BE 90"
2.85968,50.86397,"max @90","BE Radar Fixe BE 90"
4.44256,50.4692,"max @90","BE Radar Fixe BE 90"
3.74704,51.15681,"max @90","BE Radar Fixe BE 90"
3.82995,51.19301,"max @90","BE Radar Fixe BE 90"
5.36064,50.9934,"max @90","BE Radar Fixe BE 90"
4.24742,51.1008,"max @90","BE Radar Fixe BE 90"
5.31694,50.93694,"max @90","BE Radar Fixe BE 90"
4.39297,51.18404,"max @90","BE Radar Fixe BE 90"
5.46859,50.93291,"max @90","BE Radar Fixe BE 90"
4.01723,50.93026,"max @90","BE Radar Fixe BE 90"
5.14405,51.20004,"max @90","BE Radar Fixe BE 90"
5.494,50.9804,"max @90","BE Radar Fixe BE 90"
4.18937,51.13497,"max @90","BE Radar Fixe BE 90"
5.26981,50.86403,"max @90","BE Radar Fixe BE 90"
5.29227,51.2233,"max @90","BE Radar Fixe BE 90"
5.55081,50.97997,"max @90","BE Radar Fixe BE 90"
4.26737,51.09218,"max @90","BE Radar Fixe BE 90"
4.81071,50.98567,"max @90","BE Radar Fixe BE 90"
5.18185,51.2045,"max @90","BE Radar Fixe BE 90"
5.55182,50.97932,"max @90","BE Radar Fixe BE 90"
3.33472,50.85357,"max @90","BE Radar Fixe BE 90"
4.55338,51.12514,"max @90","BE Radar Fixe BE 90"
5.35871,50.92663,"max @90","BE Radar Fixe BE 90"
5.35381,50.91944,"max @90","BE Radar Fixe BE 90"
5.30669,50.88884,"max @90","BE Radar Fixe BE 90"
4.9312,50.79847,"max @90","BE Radar Fixe BE 90"
3.41703,50.88156,"max @90","BE Radar Fixe BE 90"
5.46761,50.9324,"max @90","BE Radar Fixe BE 90"
3.7578,51.17716,"max @90","BE Radar Fixe BE 90"
5.66349,51.01143,"max @90","BE Radar Fixe BE 90"
3.45346,51.19366,"max @90","BE Radar Fixe BE 90"
3.72687,51.11074,"max @90","BE Radar Fixe BE 90"
4.50354,51.23158,"max @90","BE Radar Fixe BE 90"
3.51773,51.21259,"max @90","BE Radar Fixe BE 90"
3.27891,50.99114,"max @90","BE Radar Fixe BE 90"
5.48932,50.96596,"max @90","BE Radar Fixe BE 90"
5.52268,50.94815,"max @90","BE Radar Fixe BE 90"
4.84086,51.3082,"max @90","BE Radar Fixe BE 90"
5.3419,50.91393,"max @90","BE Radar Fixe BE 90"
5.43304,50.90514,"max @90","BE Radar Fixe BE 90"
4.01809,50.92994,"max @90","BE Radar Fixe BE 90"
5.31673,50.93628,"max @90","BE Radar Fixe BE 90"
5.32572,50.91733,"max @90","BE Radar Fixe BE 90"
4.92357,50.79854,"max @90","BE Radar Fixe BE 90"
3.10147,50.93386,"max @90","BE Radar Fixe BE 90"
4.46268,50.90995,"max @90","BE Radar Fixe BE 90"
3.15767,50.92172,"max @90","BE Radar Fixe BE 90"
5.35363,50.91955,"max @90","BE Radar Fixe BE 90"
4.92503,50.78698,"max @90","BE Radar Fixe BE 90"
3.42404,50.87839,"max @90","BE Radar Fixe BE 90"
3.33364,50.85439,"max @90","BE Radar Fixe BE 90"
2.69257,51.10103,"max @90","BE Radar Fixe BE 90"
4.92296,50.79873,"max @90","BE Radar Fixe BE 90"
3.1012,50.96064,"max @90","BE Radar Fixe BE 90"
3.75835,51.19931,"max @90","BE Radar Fixe BE 90"
5.43889,50.53944,"max @90","BE Radar Fixe BE 90"
5.41065,50.51696,"max @90","BE Radar Fixe BE 90"
5.39333,50.50139,"max @90","BE Radar Fixe BE 90"
5.34795,50.27623,"max @90","BE Radar Fixe BE 90"
4.95444,51.28305,"max @90","BE Radar Fixe BE 90"
4.95417,51.28695,"max @90","BE Radar Fixe BE 90"
4.92639,50.78889,"max @90","BE Radar Fixe BE 90"
4.81028,50.98695,"max @90","BE Radar Fixe BE 90"
4.37805,51.13824,"max @90","BE Radar Fixe BE 90"
4.32987,51.04106,"max @90","BE Radar Fixe BE 90"
4.30694,50.56194,"max @90","BE Radar Fixe BE 90"
3.83056,51.19222,"max @90","BE Radar Fixe BE 90"
3.69083,51.00056,"max @90","BE Radar Fixe BE 90"
2.80109,50.85338,"max @90","BE Radar Fixe BE 90"
2.88735,50.87098,"max @90","BE Radar Fixe BE 90"
3.16546,50.97561,"max @90","BE Radar Fixe BE 90"
3.81416,51.15647,"max @90","BE Radar Fixe BE 90"
5.34235,50.94005,"max @90","BE Radar Fixe BE 90"
3.43925,50.87317,"max @90","BE Radar Fixe BE 90"
3.41616,50.8818,"max @90","BE Radar Fixe BE 90"
3.35455,51.27594,"max @90","BE Radar Fixe BE 90"
5.10778,51.1745,"max @90","BE Radar Fixe BE 90"
5.24465,50.85396,"max @90","BE Radar Fixe BE 90"
5.30722,50.88942,"max @90","BE Radar Fixe BE 90"
3.44428,50.86895,"max @90","BE Radar Fixe BE 90"
5.21864,51.20943,"max @90","BE Radar Fixe BE 90"
5.29136,51.22304,"max @90","BE Radar Fixe BE 90"
3.31144,51.31482,"max @90","BE Radar Fixe BE 90"
5.22784,50.82721,"max @90","BE Radar Fixe BE 90"
4.23543,51.10588,"max @90","BE Radar Fixe BE 90"
5.46908,50.93262,"max @90","BE Radar Fixe BE 90"
5.22831,50.8279,"max @90","BE Radar Fixe BE 90"
5.36199,51.2144,"max @90","BE Radar Fixe BE 90"
3.43397,51.11098,"max @90","BE Radar Fixe BE 90"
5.37386,51.21541,"max @90","BE Radar Fixe BE 90"
3.68252,51.20864,"max @90","BE Radar Fixe BE 90"
5.52243,50.94903,"max @90","BE Radar Fixe BE 90"
5.34942,50.93848,"max @90","BE Radar Fixe BE 90"
5.36113,50.93173,"max @90","BE Radar Fixe BE 90"
5.49333,50.98001,"max @90","BE Radar Fixe BE 90"
5.30161,51.22322,"max @90","BE Radar Fixe BE 90"
4.26811,51.09222,"max @90","BE Radar Fixe BE 90"
5.48856,50.96626,"max @90","BE Radar Fixe BE 90"
4.27502,51.08889,"max @90","BE Radar Fixe BE 90"
5.51017,50.66987,"max @90","BE Radar Fixe BE 90"
4.44275,50.46879,"max @90","BE Radar Fixe BE 90"
5.55103,50.97919,"max @90","BE Radar Fixe BE 90"
4.37424,51.12472,"max @90","BE Radar Fixe BE 90"
4.83243,51.30701,"max @90","BE Radar Fixe BE 90"
4.37829,51.13779,"max @90","BE Radar Fixe BE 90"
3.97286,51.09916,"max @90","BE Radar Fixe BE 90"
3.16421,50.97576,"max @90","BE Radar Fixe BE 90"
3.14014,50.92281,"max @90","BE Radar Fixe BE 90"
3.75848,51.103,"max @90","BE Radar Fixe BE 90"
3.10666,50.92772,"max @90","BE Radar Fixe BE 90"
4.78052,51.30171,"max @90","BE Radar Fixe BE 90"
5.12459,51.17994,"max @90","BE Radar Fixe BE 90"
4.4488,51.04187,"max @90","BE Radar Fixe BE 90"
2.88065,51.08424,"max @90","BE Radar Fixe BE 90"
3.75955,51.03624,"max @90","BE Radar Fixe BE 90"
4.84152,51.3084,"max @90","BE Radar Fixe BE 90"
3.82179,50.9433,"max @90","BE Radar Fixe BE 90"
4.81054,50.98343,"max @90","BE Radar Fixe BE 90"
5.35986,50.93169,"max @90","BE Radar Fixe BE 90"
3.13277,50.98125,"max @90","BE Radar Fixe BE 90"
3.09832,50.94618,"max @90","BE Radar Fixe BE 90"
4.33014,51.04077,"max @90","BE Radar Fixe BE 90"
3.43543,51.1046,"max @90","BE Radar Fixe BE 90"
5.20738,50.81936,"max @90","BE Radar Fixe BE 90"
3.13941,50.92281,"max @90","BE Radar Fixe BE 90"
3.64588,50.95679,"max @90","BE Radar Fixe BE 90"
5.32279,50.9199,"max @90","BE Radar Fixe BE 90"
2.69329,51.101,"max @90","BE Radar Fixe BE 90"
2.9182,50.87578,"max @90","BE Radar Fixe BE 90"
4.83674,50.9626,"max @90","BE Radar Fixe BE 90"
3.06984,50.79611,"max @90","BE Radar Fixe BE 90"
2.88318,51.08607,"max @90","BE Radar Fixe BE 90"
4.82619,50.97756,"max @90","BE Radar Fixe BE 90"
5.48969,50.96637,"max @90","BE Radar Fixe BE 90"
5.26926,50.86369,"max @90","BE Radar Fixe BE 90"
4.0454,51.07655,"max @90","BE Radar Fixe BE 90"
5.57335,50.99044,"max @90","BE Radar Fixe BE 90"
3.35029,50.84535,"max @90","BE Radar Fixe BE 90"
4.21186,51.134,"max @90","BE Radar Fixe BE 90"
5.14392,51.19933,"max @90","BE Radar Fixe BE 90"
5.49394,50.97966,"max @90","BE Radar Fixe BE 90"
5.21716,51.2089,"max @90","BE Radar Fixe BE 90"
5.30265,51.22324,"max @90","BE Radar Fixe BE 90"
3.01612,50.7887,"max @90","BE Radar Fixe BE 90"
3.75961,51.03616,"max @90","BE Radar Fixe BE 90"
5.34742,50.91588,"max @90","BE Radar Fixe BE 90"
5.36252,50.97555,"max @90","BE Radar Fixe BE 90"
3.77033,51.03912,"max @90","BE Radar Fixe BE 90"
5.48858,50.96611,"max @90","BE Radar Fixe BE 90"
3.74686,51.15728,"max @90","BE Radar Fixe BE 90"
3.77073,51.03887,"max @90","BE Radar Fixe BE 90"
5.39316,50.5009,"max @90","BE Radar Fixe BE 90"
5.35365,50.91902,"max @90","BE Radar Fixe BE 90"
2.73904,50.84849,"max @90","BE Radar Fixe BE 90"
4.3767,51.13363,"max @90","BE Radar Fixe BE 90"
4.56708,51.14889,"max @90","BE Radar Fixe BE 90"
3.75635,51.08779,"max @90","BE Radar Fixe BE 90"
4.5351,51.23362,"max @90","BE Radar Fixe BE 90"
4.28788,51.08255,"max @90","BE Radar Fixe BE 90"
5.31548,50.92811,"max @90","BE Radar Fixe BE 90"
3.62532,51.21076,"max @90","BE Radar Fixe BE 90"
2.88812,50.87126,"max @90","BE Radar Fixe BE 90"
5.33559,50.54889,"max @90","BE Radar Fixe BE 90"
4.18888,51.13488,"max @90","BE Radar Fixe BE 90"
4.50258,51.23147,"max @90","BE Radar Fixe BE 90"
5.48875,50.96666,"max @90","BE Radar Fixe BE 90"
3.86952,50.81993,"max @90","BE Radar Fixe BE 90"
5.31541,50.89419,"max @90","BE Radar Fixe BE 90"
2.9177,50.87513,"max @90","BE Radar Fixe BE 90"
5.31689,50.93678,"max @90","BE Radar Fixe BE 90"
4.13138,51.14437,"max @90","BE Radar Fixe BE 90"
5.36064,50.93127,"max @90","BE Radar Fixe BE 90"
3.44734,51.2219,"max @90","BE Radar Fixe BE 90"
3.15874,50.92199,"max @90","BE Radar Fixe BE 90"
4.37955,51.14232,"max @90","BE Radar Fixe BE 90"
3.51819,51.21229,"max @90","BE Radar Fixe BE 90"
5.34103,50.94011,"max @90","BE Radar Fixe BE 90"
3.64602,50.95627,"max @90","BE Radar Fixe BE 90"
4.56638,51.14858,"max @90","BE Radar Fixe BE 90"
5.43275,50.90479,"max @90","BE Radar Fixe BE 90"
3.43331,51.11132,"max @90","BE Radar Fixe BE 90"
5.18261,51.20456,"max @90","BE Radar Fixe BE 90"
5.31833,50.92448,"max @90","BE Radar Fixe BE 90"
5.36306,51.21468,"max @90","BE Radar Fixe BE 90"
5.36072,50.99298,"max @90","BE Radar Fixe BE 90"
4.38198,51.1527,"max @90","BE Radar Fixe BE 90"
4.31602,50.99803,"max @90","BE Radar Fixe BE 90"
5.31332,51.22203,"max @90","BE Radar Fixe BE 90"
4.38226,51.15203,"max @90","BE Radar Fixe BE 90"
5.35931,50.9853,"max @90","BE Radar Fixe BE 90"
5.34264,50.91436,"max @90","BE Radar Fixe BE 90"
3.35368,51.27606,"max @90","BE Radar Fixe BE 90"
2.85232,50.85836,"max @90","BE Radar Fixe BE 90"
5.3604,50.93129,"max @90","BE Radar Fixe BE 90"
5.10843,51.17485,"max @90","BE Radar Fixe BE 90"
4.31632,50.99705,"max @90","BE Radar Fixe BE 90"
5.3478,50.91645,"max @90","BE Radar Fixe BE 90"
2.73852,50.84816,"max @90","BE Radar Fixe BE 90"
5.26988,50.86395,"max @90","BE Radar Fixe BE 90"
4.82711,50.97735,"max @90","BE Radar Fixe BE 90"
5.31333,51.22213,"max @90","BE Radar Fixe BE 90"
5.35023,50.9387,"max @90","BE Radar Fixe BE 90"
3.60741,50.86992,"max @90","BE Radar Fixe BE 90"
5.3748,51.21564,"max @90","BE Radar Fixe BE 90"
4.29555,51.07875,"max @90","BE Radar Fixe BE 90"
3.27948,50.99156,"max @90","BE Radar Fixe BE 90"
4.44383,50.9048,"max @90","BE Radar Fixe BE 90"
4.24828,51.10077,"max @90","BE Radar Fixe BE 90"
5.3242,51.22204,"max @90","BE Radar Fixe BE 90"
5.34762,50.27563,"max @90","BE Radar Fixe BE 90"
4.37698,51.13297,"max @90","BE Radar Fixe BE 90"
5.55202,50.97941,"max @90","BE Radar Fixe BE 90"
5.29145,51.22295,"max @90","BE Radar Fixe BE 90"
5.31429,51.22221,"max @90","BE Radar Fixe BE 90"
4.4617,50.90988,"max @90","BE Radar Fixe BE 90"
5.35887,50.98578,"max @90","BE Radar Fixe BE 90"
5.36056,50.93201,"max @90","BE Radar Fixe BE 90"
4.44924,51.04241,"max @90","BE Radar Fixe BE 90"
5.85954,49.6581,"max @90","BE Radar Fixe BE 90"
5.29118,50.57217,"max @90","BE Radar Fixe BE 90"
4.815117,50.241819,"max @90","BE Radar Fixe BE 90"
4.804105,50.655205,"max @90","BE Radar Fixe BE 90"
4.766075,50.646154,"max @90","BE Radar Fixe BE 90"
4.914228,50.435852,"max @90","BE Radar Fixe BE 90"
5.264028,50.532568,"max @90","BE Radar Fixe BE 90"
5.433658,50.531309,"max @90","BE Radar Fixe BE 90"
5.1051557,50.347131,"max @90","BE Radar Fixe BE 90"
3.2437268,50.7423232,"max @90","BE Radar Fixe BE 90"
3.2434787,50.7424844,"max @90","BE Radar Fixe BE 90"
3.2681778,50.7383479,"max @90","BE Radar Fixe BE 90"
3.2682341,50.7384667,"max @90","BE Radar Fixe BE 90"
3.2799634,50.7346336,"max @90","BE Radar Fixe BE 90"
4.9251205,50.4288955,"max @90","BE Radar Fixe BE 90"
3.8102393,50.6376896,"max @90","BE Radar Fixe BE 90"
-6.79423,41.77782,"max @90","PT Radar Fixe PT 90"
-6.80822,41.71826,"max @90","PT Radar Fixe PT 90"
-6.81161,41.69358,"max @90","PT Radar Fixe PT 90"
-6.81307,41.72251,"max @90","PT Radar Fixe PT 90"
-6.81454,41.6751,"max @90","PT Radar Fixe PT 90"
-6.84054,41.64042,"max @90","PT Radar Fixe PT 90"
-6.89755,41.6045,"max @90","PT Radar Fixe PT 90"
-6.89829,41.60399,"max @90","PT Radar Fixe PT 90"
-6.91957,41.58972,"max @90","PT Radar Fixe PT 90"
-6.98145,40.61598,"max @90","PT Radar Fixe PT 90"
-7.08334,41.53465,"max @90","PT Radar Fixe PT 90"
-7.12334,41.52096,"max @90","PT Radar Fixe PT 90"
-7.22015,40.90056,"max @90","PT Radar Fixe PT 90"
-7.2254,41.47463,"max @90","PT Radar Fixe PT 90"
-7.2322,40.87417,"max @90","PT Radar Fixe PT 90"
-7.23989,41.46814,"max @90","PT Radar Fixe PT 90"
-7.27166,41.45123,"max @90","PT Radar Fixe PT 90"
-7.28834,41.45012,"max @90","PT Radar Fixe PT 90"
-7.2927,41.44781,"max @90","PT Radar Fixe PT 90"
-7.29665,41.4454,"max @90","PT Radar Fixe PT 90"
-7.30139,41.44322,"max @90","PT Radar Fixe PT 90"
-7.44149,39.30558,"max @90","PT Radar Fixe PT 90"
-7.4479,40.26765,"max @90","PT Radar Fixe PT 90"
-7.44972,40.58333,"max @90","PT Radar Fixe PT 90"
-7.45094,39.24109,"max @90","PT Radar Fixe PT 90"
-7.45274,39.23523,"max @90","PT Radar Fixe PT 90"
-7.45694,40.27167,"max @90","PT Radar Fixe PT 90"
-7.47162,39.31073,"max @90","PT Radar Fixe PT 90"
-7.4742,39.3798,"max @90","PT Radar Fixe PT 90"
-7.50637,39.33038,"max @90","PT Radar Fixe PT 90"
-7.54333,41.37294,"max @90","PT Radar Fixe PT 90"
-7.55356,41.36555,"max @90","PT Radar Fixe PT 90"
-7.64162,41.32389,"max @90","PT Radar Fixe PT 90"
-7.73967,40.76725,"max @90","PT Radar Fixe PT 90"
-7.50936,40.24594,"max @90","PT Radar Fixe PT 90"
-7.77071,39.51795,"max @90","PT Radar Fixe PT 90"
-7.76012,39.47737,"max @90","PT Radar Fixe PT 90"
-7.6352,39.47221,"max @90","PT Radar Fixe PT 90"
-7.74566,39.46267,"max @90","PT Radar Fixe PT 90"
-7.63161,39.46034,"max @90","PT Radar Fixe PT 90"
-7.74033,39.45886,"max @90","PT Radar Fixe PT 90"
-7.71862,39.4318,"max @90","PT Radar Fixe PT 90"
-7.71353,39.42827,"max @90","PT Radar Fixe PT 90"
-7.64347,39.42642,"max @90","PT Radar Fixe PT 90"
-7.71131,39.42642,"max @90","PT Radar Fixe PT 90"
-7.69895,39.41801,"max @90","PT Radar Fixe PT 90"
-7.64458,39.41413,"max @90","PT Radar Fixe PT 90"
-7.66586,39.41123,"max @90","PT Radar Fixe PT 90"
-7.60807,39.40527,"max @90","PT Radar Fixe PT 90"
-7.60608,39.40434,"max @90","PT Radar Fixe PT 90"
-7.60131,39.39951,"max @90","PT Radar Fixe PT 90"
-7.5966,39.39238,"max @90","PT Radar Fixe PT 90"
-7.59375,39.38758,"max @90","PT Radar Fixe PT 90"
-7.58497,39.38092,"max @90","PT Radar Fixe PT 90"
-7.58197,39.37894,"max @90","PT Radar Fixe PT 90"
-7.56809,39.37157,"max @90","PT Radar Fixe PT 90"
-7.56642,39.37093,"max @90","PT Radar Fixe PT 90"
-7.53922,39.35062,"max @90","PT Radar Fixe PT 90"
-7.52689,39.34104,"max @90","PT Radar Fixe PT 90"
-8.58718,42.04625,"max @90","PT Radar Fixe PT 90"
-8.43357,41.81398,"max @90","PT Radar Fixe PT 90"
-8.46899,41.80407,"max @90","PT Radar Fixe PT 90"
-8.50744,41.79629,"max @90","PT Radar Fixe PT 90"
-8.55491,41.78236,"max @90","PT Radar Fixe PT 90"
-8.44334,41.61695,"max @90","PT Radar Fixe PT 90"
-8.44867,41.61674,"max @90","PT Radar Fixe PT 90"
-8.42826,41.57209,"max @90","PT Radar Fixe PT 90"
-8.43954,41.54353,"max @90","PT Radar Fixe PT 90"
-8.3188,41.4377,"max @90","PT Radar Fixe PT 90"
-8.50861,41.41802,"max @90","PT Radar Fixe PT 90"
-8.50812,41.41763,"max @90","PT Radar Fixe PT 90"
-8.50048,41.40456,"max @90","PT Radar Fixe PT 90"
-8.50125,41.40356,"max @90","PT Radar Fixe PT 90"
-7.81516,41.28463,"max @90","PT Radar Fixe PT 90"
-7.80444,41.2837,"max @90","PT Radar Fixe PT 90"
-7.9139,41.2794,"max @90","PT Radar Fixe PT 90"
-8.01632,41.26911,"max @90","PT Radar Fixe PT 90"
-8.0339,41.25737,"max @90","PT Radar Fixe PT 90"
-8.30048,41.23721,"max @90","PT Radar Fixe PT 90"
-8.57601,41.13099,"max @90","PT Radar Fixe PT 90"
-8.63007,41.11667,"max @90","PT Radar Fixe PT 90"
-8.47822,40.88852,"max @90","PT Radar Fixe PT 90"
-7.82793,40.72059,"max @90","PT Radar Fixe PT 90"
-7.89063,40.68346,"max @90","PT Radar Fixe PT 90"
-8.47528,40.66167,"max @90","PT Radar Fixe PT 90"
-8.48794,40.5015,"max @90","PT Radar Fixe PT 90"
-8.11072,40.43575,"max @90","PT Radar Fixe PT 90"
-8.57432,40.35189,"max @90","PT Radar Fixe PT 90"
-8.22882,40.31644,"max @90","PT Radar Fixe PT 90"
-7.77071,39.51794,"max @90","PT Radar Fixe PT 90"
-7.7756,39.52095,"max @90","PT Radar Fixe PT 90"
-7.78804,39.5304,"max @90","PT Radar Fixe PT 90"
-7.80762,39.44611,"max @90","PT Radar Fixe PT 90"
-7.88606,39.44572,"max @90","PT Radar Fixe PT 90"
-7.91762,39.73628,"max @90","PT Radar Fixe PT 90"
-7.9533,39.7586,"max @90","PT Radar Fixe PT 90"
-8.06554,39.27344,"max @90","PT Radar Fixe PT 90"
-8.07747,39.2779,"max @90","PT Radar Fixe PT 90"
-8.1024,39.28432,"max @90","PT Radar Fixe PT 90"
-8.14358,39.90606,"max @90","PT Radar Fixe PT 90"
-8.1681,39.50839,"max @90","PT Radar Fixe PT 90"
-8.29302,40.27977,"max @90","PT Radar Fixe PT 90"
-8.33253,40.12156,"max @90","PT Radar Fixe PT 90"
-8.34412,39.92288,"max @90","PT Radar Fixe PT 90"
-8.45554,40.16881,"max @90","PT Radar Fixe PT 90"
-8.48366,40.12843,"max @90","PT Radar Fixe PT 90"
-8.48815,40.12637,"max @90","PT Radar Fixe PT 90"
-8.70345,39.237,"max @90","PT Radar Fixe PT 90"
-8.70389,39.23667,"max @90","PT Radar Fixe PT 90"
-8.70497,39.26032,"max @90","PT Radar Fixe PT 90"
-8.7116,39.2637,"max @90","PT Radar Fixe PT 90"
-8.7733,39.74616,"max @90","PT Radar Fixe PT 90"
-8.77447,39.74855,"max @90","PT Radar Fixe PT 90"
-8.77552,39.75476,"max @90","PT Radar Fixe PT 90"
-8.86554,40.06929,"max @90","PT Radar Fixe PT 90"
-8.9725,39.64723,"max @90","PT Radar Fixe PT 90"
-9.28572,39.32626,"max @90","PT Radar Fixe PT 90"
-9.33751,39.33873,"max @90","PT Radar Fixe PT 90"
-7.21756,38.77826,"max @90","PT Radar Fixe PT 90"
-7.22111,38.96194,"max @90","PT Radar Fixe PT 90"
-7.26083,38.86435,"max @90","PT Radar Fixe PT 90"
-7.30694,39.14777,"max @90","PT Radar Fixe PT 90"
-7.31388,38.8568,"max @90","PT Radar Fixe PT 90"
-7.38062,39.2216,"max @90","PT Radar Fixe PT 90"
-7.38325,38.8437,"max @90","PT Radar Fixe PT 90"
-7.43586,39.0779,"max @90","PT Radar Fixe PT 90"
-7.43686,39.06331,"max @90","PT Radar Fixe PT 90"
-7.43733,39.0982,"max @90","PT Radar Fixe PT 90"
-7.43763,39.09932,"max @90","PT Radar Fixe PT 90"
-7.45399,39.1603,"max @90","PT Radar Fixe PT 90"
-7.45464,39.03022,"max @90","PT Radar Fixe PT 90"
-7.45465,39.03016,"max @90","PT Radar Fixe PT 90"
-7.45484,39.18122,"max @90","PT Radar Fixe PT 90"
-7.46212,38.80852,"max @90","PT Radar Fixe PT 90"
-7.46705,39.01368,"max @90","PT Radar Fixe PT 90"
-7.47115,38.99632,"max @90","PT Radar Fixe PT 90"
-7.48255,38.98259,"max @90","PT Radar Fixe PT 90"
-7.55806,38.83372,"max @90","PT Radar Fixe PT 90"
-7.56972,38.8647,"max @90","PT Radar Fixe PT 90"
-7.64653,38.83511,"max @90","PT Radar Fixe PT 90"
-7.65921,38.83651,"max @90","PT Radar Fixe PT 90"
-7.6967,38.8369,"max @90","PT Radar Fixe PT 90"
-7.70351,39.19703,"max @90","PT Radar Fixe PT 90"
-7.72382,38.83459,"max @90","PT Radar Fixe PT 90"
-7.72841,39.20184,"max @90","PT Radar Fixe PT 90"
-7.74734,38.74207,"max @90","PT Radar Fixe PT 90"
-7.83391,38.66847,"max @90","PT Radar Fixe PT 90"
-7.8605,39.12378,"max @90","PT Radar Fixe PT 90"
-7.8764,39.23454,"max @90","PT Radar Fixe PT 90"
-7.98925,38.76822,"max @90","PT Radar Fixe PT 90"
-8.0793,39.17152,"max @90","PT Radar Fixe PT 90"
-8.08315,39.16713,"max @90","PT Radar Fixe PT 90"
-8.08554,38.61872,"max @90","PT Radar Fixe PT 90"
-8.10905,38.62733,"max @90","PT Radar Fixe PT 90"
-8.13741,38.67656,"max @90","PT Radar Fixe PT 90"
-8.14213,39.10324,"max @90","PT Radar Fixe PT 90"
-8.15951,39.04366,"max @90","PT Radar Fixe PT 90"
-8.19238,38.64484,"max @90","PT Radar Fixe PT 90"
-8.38286,38.65439,"max @90","PT Radar Fixe PT 90"
-8.39737,38.65848,"max @90","PT Radar Fixe PT 90"
-8.41391,38.66017,"max @90","PT Radar Fixe PT 90"
-8.54361,38.68372,"max @90","PT Radar Fixe PT 90"
-8.85463,39.15644,"max @90","PT Radar Fixe PT 90"
-8.88093,38.81495,"max @90","PT Radar Fixe PT 90"
-8.88106,38.85962,"max @90","PT Radar Fixe PT 90"
-8.88108,38.81944,"max @90","PT Radar Fixe PT 90"
-8.88116,38.85458,"max @90","PT Radar Fixe PT 90"
-8.88118,38.85902,"max @90","PT Radar Fixe PT 90"
-9.1871,38.66153,"max @90","PT Radar Fixe PT 90"
-9.21268,38.65418,"max @90","PT Radar Fixe PT 90"
-9.21539,38.65414,"max @90","PT Radar Fixe PT 90"
-9.21689,38.7276,"max @90","PT Radar Fixe PT 90"
-9.21889,38.65395,"max @90","PT Radar Fixe PT 90"
-9.21977,38.65391,"max @90","PT Radar Fixe PT 90"
-9.22174,38.73132,"max @90","PT Radar Fixe PT 90"
-9.22353,38.733,"max @90","PT Radar Fixe PT 90"
-9.29622,38.73129,"max @90","PT Radar Fixe PT 90"
-7.66439,37.98955,"max @90","PT Radar Fixe PT 90"
-7.71031,38.01252,"max @90","PT Radar Fixe PT 90"
-7.73556,38.44589,"max @90","PT Radar Fixe PT 90"
-7.74826,38.47599,"max @90","PT Radar Fixe PT 90"
-7.75241,38.02527,"max @90","PT Radar Fixe PT 90"
-7.75611,38.02494,"max @90","PT Radar Fixe PT 90"
-7.75886,38.49726,"max @90","PT Radar Fixe PT 90"
-7.8003,38.52134,"max @90","PT Radar Fixe PT 90"
-7.8036,38.18988,"max @90","PT Radar Fixe PT 90"
-7.81145,38.17964,"max @90","PT Radar Fixe PT 90"
-7.82141,38.53332,"max @90","PT Radar Fixe PT 90"
-7.83711,38.14312,"max @90","PT Radar Fixe PT 90"
-7.87044,37.92128,"max @90","PT Radar Fixe PT 90"
-7.87494,37.94213,"max @90","PT Radar Fixe PT 90"
-7.93333,37.87295,"max @90","PT Radar Fixe PT 90"
-7.95118,37.86477,"max @90","PT Radar Fixe PT 90"
-7.96296,38.05043,"max @90","PT Radar Fixe PT 90"
-8.03367,38.06502,"max @90","PT Radar Fixe PT 90"
-8.03748,38.60173,"max @90","PT Radar Fixe PT 90"
-8.05543,38.6062,"max @90","PT Radar Fixe PT 90"
-8.05748,38.60754,"max @90","PT Radar Fixe PT 90"
-8.07336,38.61341,"max @90","PT Radar Fixe PT 90"
-8.13968,38.07693,"max @90","PT Radar Fixe PT 90"
-8.38567,38.01197,"max @90","PT Radar Fixe PT 90"
-8.54463,38.21011,"max @90","PT Radar Fixe PT 90"
-8.65149,38.12514,"max @90","PT Radar Fixe PT 90"
-8.80929,37.97382,"max @90","PT Radar Fixe PT 90"
-8.81148,37.97368,"max @90","PT Radar Fixe PT 90"
-8.82309,38.01084,"max @90","PT Radar Fixe PT 90"
-8.83389,37.97965,"max @90","PT Radar Fixe PT 90"
-8.32204,37.42212,"max @90","PT Radar Fixe PT 90"
-8.32433,37.41632,"max @90","PT Radar Fixe PT 90"
-8.3336,37.4058,"max @90","PT Radar Fixe PT 90"
-8.34317,37.38807,"max @90","PT Radar Fixe PT 90"
-8.34531,37.38627,"max @90","PT Radar Fixe PT 90"
-8.31962,37.31223,"max @90","PT Radar Fixe PT 90"
-8.31535,37.30823,"max @90","PT Radar Fixe PT 90"
-7.48868,37.29914,"max @90","PT Radar Fixe PT 90"
-8.30348,37.29693,"max @90","PT Radar Fixe PT 90"
-8.29734,37.29118,"max @90","PT Radar Fixe PT 90"
-8.28276,37.27134,"max @90","PT Radar Fixe PT 90"
-8.27453,37.23901,"max @90","PT Radar Fixe PT 90"
-8.26654,37.23081,"max @90","PT Radar Fixe PT 90"
-8.26437,37.22908,"max @90","PT Radar Fixe PT 90"
-8.25695,37.21372,"max @90","PT Radar Fixe PT 90"
-8.26115,37.19349,"max @90","PT Radar Fixe PT 90"
-8.533,37.1783,"max @90","PT Radar Fixe PT 90"
-8.2621,37.17675,"max @90","PT Radar Fixe PT 90"
-8.2555,37.16928,"max @90","PT Radar Fixe PT 90"
-8.44398,37.16465,"max @90","PT Radar Fixe PT 90"
-8.4445,37.16322,"max @90","PT Radar Fixe PT 90"
-8.45556,37.14435,"max @90","PT Radar Fixe PT 90"
-8.46181,37.14259,"max @90","PT Radar Fixe PT 90"
-8.25032,37.11196,"max @90","PT Radar Fixe PT 90"
-8.04562,37.10679,"max @90","PT Radar Fixe PT 90"
-8.04575,37.10493,"max @90","PT Radar Fixe PT 90"
-7.96543,37.03257,"max @90","PT Radar Fixe PT 90"
-7.88841,37.02618,"max @90","PT Radar Fixe PT 90"
5.9600441,49.9036604,"max @90","LU Radar Fixe LU 90"
5.954772,50.092046,"max @90","LU Radar Fixe LU 90"
6.1894118,49.8233038,"max @90","LU Radar Fixe LU 90"
6.3736796,49.5867751,"max @90","LU Radar Fixe LU 90"
6.286154,49.542498,"max @90","LU Radar Fixe LU 90"
5.956354,49.629955,"max @90","LU Radar Fixe LU 90"
6.230637,49.687043,"max @90","LU Radar Fixe LU 90"
6.090489,49.715056,"max @90","LU Radar Fixe LU 90"
6.07987,50.038575,"max @90","LU Radar Fixe LU 90"
6.099365,49.919437,"max @90","LU Radar Fixe LU 90"
6.319944,49.839477,"max @90","LU Radar Fixe LU 90"
6.086659,49.769867,"max @90","LU Radar Fixe LU 90"
6.463807,49.818389,"max @90","LU Radar Fixe LU 90"
6.018627,49.593419,"max @90","LU Radar Fixe LU 90"
5.968969,49.511565,"max @90","LU Radar Fixe LU 90"
6.1903185,49.6557384,"max @90","LU Radar Fixe LU 90"
19.36303,52.87546,"max @90","PL Radar Fixe PL 90"
23.32454,52.03492,"max @90","PL Radar Fixe PL 90"
15.75475,51.68311,"max @90","PL Radar Fixe PL 90"
16.6018,54.33782,"max @90","PL Radar Fixe PL 90"
22.99843,54.17918,"max @90","PL Radar Fixe PL 90"
18.50944,53.274,"max @90","PL Radar Fixe PL 90"
24.092,65.83311,"max @90","SE Radar Fixe SE 90"
23.91469,65.81119,"max @90","SE Radar Fixe SE 90"
23.9105,65.81142,"max @90","SE Radar Fixe SE 90"
21.89672,65.67575,"max @90","SE Radar Fixe SE 90"
21.85631,65.68211,"max @90","SE Radar Fixe SE 90"
21.85294,65.68289,"max @90","SE Radar Fixe SE 90"
21.77197,65.74192,"max @90","SE Radar Fixe SE 90"
21.76981,65.74422,"max @90","SE Radar Fixe SE 90"
21.29819,64.38917,"max @90","SE Radar Fixe SE 90"
21.29781,64.39156,"max @90","SE Radar Fixe SE 90"
21.29289,64.46567,"max @90","SE Radar Fixe SE 90"
21.2925,64.46522,"max @90","SE Radar Fixe SE 90"
21.26317,64.50081,"max @90","SE Radar Fixe SE 90"
21.25775,64.51472,"max @90","SE Radar Fixe SE 90"
21.25583,64.53983,"max @90","SE Radar Fixe SE 90"
21.24942,64.54708,"max @90","SE Radar Fixe SE 90"
21.23892,64.33394,"max @90","SE Radar Fixe SE 90"
21.23789,64.33386,"max @90","SE Radar Fixe SE 90"
21.145,64.30819,"max @90","SE Radar Fixe SE 90"
21.13136,64.30328,"max @90","SE Radar Fixe SE 90"
21.04136,67.64531,"max @90","SE Radar Fixe SE 90"
21.01822,64.23344,"max @90","SE Radar Fixe SE 90"
21.01731,64.23269,"max @90","SE Radar Fixe SE 90"
21.01675,67.65206,"max @90","SE Radar Fixe SE 90"
20.93578,64.172,"max @90","SE Radar Fixe SE 90"
20.93489,64.17164,"max @90","SE Radar Fixe SE 90"
20.84778,64.05733,"max @90","SE Radar Fixe SE 90"
20.83672,64.01972,"max @90","SE Radar Fixe SE 90"
20.83583,64.01936,"max @90","SE Radar Fixe SE 90"
20.79911,64.00408,"max @90","SE Radar Fixe SE 90"
20.77561,63.99536,"max @90","SE Radar Fixe SE 90"
20.48486,67.83864,"max @90","SE Radar Fixe SE 90"
20.48383,67.83886,"max @90","SE Radar Fixe SE 90"
20.12592,63.84894,"max @90","SE Radar Fixe SE 90"
20.12417,63.84908,"max @90","SE Radar Fixe SE 90"
19.90842,63.63797,"max @90","SE Radar Fixe SE 90"
19.88311,63.91344,"max @90","SE Radar Fixe SE 90"
19.87594,63.62981,"max @90","SE Radar Fixe SE 90"
18.77075,64.52983,"max @90","SE Radar Fixe SE 90"
18.73239,64.55425,"max @90","SE Radar Fixe SE 90"
18.29822,60.23678,"max @90","SE Radar Fixe SE 90"
18.1915,60.19511,"max @90","SE Radar Fixe SE 90"
18.12175,60.09214,"max @90","SE Radar Fixe SE 90"
18.11517,60.08158,"max @90","SE Radar Fixe SE 90"
18.05381,60.05128,"max @90","SE Radar Fixe SE 90"
18.04689,60.04692,"max @90","SE Radar Fixe SE 90"
17.96489,60.00503,"max @90","SE Radar Fixe SE 90"
17.96419,60.00456,"max @90","SE Radar Fixe SE 90"
17.86019,62.81633,"max @90","SE Radar Fixe SE 90"
17.56711,59.99539,"max @90","SE Radar Fixe SE 90"
17.53322,60.11031,"max @90","SE Radar Fixe SE 90"
17.53286,59.849,"max @90","SE Radar Fixe SE 90"
17.51933,59.83622,"max @90","SE Radar Fixe SE 90"
17.51064,59.8495,"max @90","SE Radar Fixe SE 90"
17.50417,60.14089,"max @90","SE Radar Fixe SE 90"
17.48867,59.81722,"max @90","SE Radar Fixe SE 90"
17.47831,60.31747,"max @90","SE Radar Fixe SE 90"
17.46119,59.80783,"max @90","SE Radar Fixe SE 90"
17.41925,60.38992,"max @90","SE Radar Fixe SE 90"
17.41867,60.3905,"max @90","SE Radar Fixe SE 90"
17.41036,60.42022,"max @90","SE Radar Fixe SE 90"
17.36347,59.75561,"max @90","SE Radar Fixe SE 90"
17.35511,59.86286,"max @90","SE Radar Fixe SE 90"
17.35047,63.14775,"max @90","SE Radar Fixe SE 90"
17.31431,59.86975,"max @90","SE Radar Fixe SE 90"
17.26436,59.87919,"max @90","SE Radar Fixe SE 90"
17.22561,59.65992,"max @90","SE Radar Fixe SE 90"
17.19386,59.65575,"max @90","SE Radar Fixe SE 90"
17.19061,59.65533,"max @90","SE Radar Fixe SE 90"
17.16767,59.65256,"max @90","SE Radar Fixe SE 90"
17.11039,59.897,"max @90","SE Radar Fixe SE 90"
17.09578,62.36753,"max @90","SE Radar Fixe SE 90"
17.05575,59.67381,"max @90","SE Radar Fixe SE 90"
17.03769,59.61653,"max @90","SE Radar Fixe SE 90"
17.031,59.61342,"max @90","SE Radar Fixe SE 90"
17.02586,59.42747,"max @90","SE Radar Fixe SE 90"
17.01403,59.63403,"max @90","SE Radar Fixe SE 90"
17.01228,59.44875,"max @90","SE Radar Fixe SE 90"
17.01208,59.493,"max @90","SE Radar Fixe SE 90"
16.99781,59.70244,"max @90","SE Radar Fixe SE 90"
16.99697,59.58367,"max @90","SE Radar Fixe SE 90"
16.99681,59.91878,"max @90","SE Radar Fixe SE 90"
16.98642,59.63161,"max @90","SE Radar Fixe SE 90"
16.96261,58.76836,"max @90","SE Radar Fixe SE 90"
16.95353,59.73786,"max @90","SE Radar Fixe SE 90"
16.94769,60.15381,"max @90","SE Radar Fixe SE 90"
16.94058,59.25444,"max @90","SE Radar Fixe SE 90"
16.92322,59.76072,"max @90","SE Radar Fixe SE 90"
16.91936,59.93586,"max @90","SE Radar Fixe SE 90"
16.90061,58.77272,"max @90","SE Radar Fixe SE 90"
16.89583,59.21711,"max @90","SE Radar Fixe SE 90"
16.88508,59.62136,"max @90","SE Radar Fixe SE 90"
16.86947,58.77781,"max @90","SE Radar Fixe SE 90"
16.86375,61.29278,"max @90","SE Radar Fixe SE 90"
16.86039,61.29325,"max @90","SE Radar Fixe SE 90"
16.85889,59.21392,"max @90","SE Radar Fixe SE 90"
16.85425,59.77867,"max @90","SE Radar Fixe SE 90"
16.83781,58.78006,"max @90","SE Radar Fixe SE 90"
16.80106,58.79119,"max @90","SE Radar Fixe SE 90"
16.79264,59.20417,"max @90","SE Radar Fixe SE 90"
16.788,61.31228,"max @90","SE Radar Fixe SE 90"
16.74933,61.3335,"max @90","SE Radar Fixe SE 90"
16.73794,59.93508,"max @90","SE Radar Fixe SE 90"
16.73717,59.93497,"max @90","SE Radar Fixe SE 90"
16.72244,59.83036,"max @90","SE Radar Fixe SE 90"
16.72225,59.83031,"max @90","SE Radar Fixe SE 90"
16.72183,61.34436,"max @90","SE Radar Fixe SE 90"
16.68133,61.35083,"max @90","SE Radar Fixe SE 90"
16.67322,59.84308,"max @90","SE Radar Fixe SE 90"
16.65136,56.86075,"max @90","SE Radar Fixe SE 90"
16.62847,59.86864,"max @90","SE Radar Fixe SE 90"
16.62628,61.21131,"max @90","SE Radar Fixe SE 90"
16.61697,56.83286,"max @90","SE Radar Fixe SE 90"
16.58031,59.68122,"max @90","SE Radar Fixe SE 90"
16.57814,59.68844,"max @90","SE Radar Fixe SE 90"
16.57214,61.35294,"max @90","SE Radar Fixe SE 90"
16.56444,59.73128,"max @90","SE Radar Fixe SE 90"
16.56022,59.76797,"max @90","SE Radar Fixe SE 90"
16.54531,59.8785,"max @90","SE Radar Fixe SE 90"
16.54256,59.87125,"max @90","SE Radar Fixe SE 90"
16.53558,59.848,"max @90","SE Radar Fixe SE 90"
16.44656,61.35194,"max @90","SE Radar Fixe SE 90"
16.41444,61.32706,"max @90","SE Radar Fixe SE 90"
16.34192,59.55886,"max @90","SE Radar Fixe SE 90"
16.31089,59.50942,"max @90","SE Radar Fixe SE 90"
16.30536,59.48333,"max @90","SE Radar Fixe SE 90"
16.26406,60.13525,"max @90","SE Radar Fixe SE 90"
16.23786,60.143,"max @90","SE Radar Fixe SE 90"
16.2215,59.05231,"max @90","SE Radar Fixe SE 90"
16.21625,59.03642,"max @90","SE Radar Fixe SE 90"
16.20697,58.85656,"max @90","SE Radar Fixe SE 90"
16.19642,58.92217,"max @90","SE Radar Fixe SE 90"
16.18833,61.33439,"max @90","SE Radar Fixe SE 90"
16.14925,60.1685,"max @90","SE Radar Fixe SE 90"
16.11214,59.16628,"max @90","SE Radar Fixe SE 90"
16.11083,59.40917,"max @90","SE Radar Fixe SE 90"
16.0575,60.21361,"max @90","SE Radar Fixe SE 90"
16.04808,56.33514,"max @90","SE Radar Fixe SE 90"
16.04372,56.33108,"max @90","SE Radar Fixe SE 90"
16.03808,59.01139,"max @90","SE Radar Fixe SE 90"
16.03131,60.23597,"max @90","SE Radar Fixe SE 90"
15.96483,58.22956,"max @90","SE Radar Fixe SE 90"
15.91036,58.27767,"max @90","SE Radar Fixe SE 90"
15.84803,57.59256,"max @90","SE Radar Fixe SE 90"
15.84589,57.53975,"max @90","SE Radar Fixe SE 90"
15.84553,58.34136,"max @90","SE Radar Fixe SE 90"
15.84517,57.54897,"max @90","SE Radar Fixe SE 90"
15.84408,57.61067,"max @90","SE Radar Fixe SE 90"
15.844,57.58083,"max @90","SE Radar Fixe SE 90"
15.84378,57.61017,"max @90","SE Radar Fixe SE 90"
15.8415,57.51567,"max @90","SE Radar Fixe SE 90"
15.83678,57.45706,"max @90","SE Radar Fixe SE 90"
15.83467,58.35286,"max @90","SE Radar Fixe SE 90"
15.83458,57.43747,"max @90","SE Radar Fixe SE 90"
15.83342,57.43561,"max @90","SE Radar Fixe SE 90"
15.78278,57.72583,"max @90","SE Radar Fixe SE 90"
15.78244,57.72647,"max @90","SE Radar Fixe SE 90"
15.75394,57.80078,"max @90","SE Radar Fixe SE 90"
15.74533,58.40103,"max @90","SE Radar Fixe SE 90"
15.72653,58.39858,"max @90","SE Radar Fixe SE 90"
15.54233,60.08053,"max @90","SE Radar Fixe SE 90"
15.52667,60.09339,"max @90","SE Radar Fixe SE 90"
15.48392,60.11261,"max @90","SE Radar Fixe SE 90"
15.475,60.12,"max @90","SE Radar Fixe SE 90"
15.43044,58.51739,"max @90","SE Radar Fixe SE 90"
15.41525,60.12911,"max @90","SE Radar Fixe SE 90"
15.39092,58.53267,"max @90","SE Radar Fixe SE 90"
15.38433,60.13906,"max @90","SE Radar Fixe SE 90"
15.36511,60.14033,"max @90","SE Radar Fixe SE 90"
15.33911,58.53439,"max @90","SE Radar Fixe SE 90"
15.32931,57.15856,"max @90","SE Radar Fixe SE 90"
15.32875,60.14106,"max @90","SE Radar Fixe SE 90"
15.30017,60.534,"max @90","SE Radar Fixe SE 90"
15.28881,57.14181,"max @90","SE Radar Fixe SE 90"
15.27897,60.14742,"max @90","SE Radar Fixe SE 90"
15.27392,59.14222,"max @90","SE Radar Fixe SE 90"
15.26811,57.12647,"max @90","SE Radar Fixe SE 90"
15.26419,60.55039,"max @90","SE Radar Fixe SE 90"
15.24539,60.15547,"max @90","SE Radar Fixe SE 90"
15.23147,59.23725,"max @90","SE Radar Fixe SE 90"
15.20786,57.10706,"max @90","SE Radar Fixe SE 90"
15.19036,58.58061,"max @90","SE Radar Fixe SE 90"
15.17858,59.62631,"max @90","SE Radar Fixe SE 90"
15.16733,59.63353,"max @90","SE Radar Fixe SE 90"
15.15178,59.80147,"max @90","SE Radar Fixe SE 90"
15.14719,60.55564,"max @90","SE Radar Fixe SE 90"
15.13444,59.72797,"max @90","SE Radar Fixe SE 90"
15.10967,60.58136,"max @90","SE Radar Fixe SE 90"
15.10806,57.05536,"max @90","SE Radar Fixe SE 90"
15.09836,60.841,"max @90","SE Radar Fixe SE 90"
15.098,59.68369,"max @90","SE Radar Fixe SE 90"
15.08981,60.58858,"max @90","SE Radar Fixe SE 90"
15.07303,57.03553,"max @90","SE Radar Fixe SE 90"
15.07278,60.82833,"max @90","SE Radar Fixe SE 90"
15.05761,60.63383,"max @90","SE Radar Fixe SE 90"
15.05531,60.62047,"max @90","SE Radar Fixe SE 90"
15.03828,60.91403,"max @90","SE Radar Fixe SE 90"
15.03736,57.46569,"max @90","SE Radar Fixe SE 90"
15.03733,57.46414,"max @90","SE Radar Fixe SE 90"
15.03444,60.71194,"max @90","SE Radar Fixe SE 90"
15.03325,58.95983,"max @90","SE Radar Fixe SE 90"
15.03317,58.95953,"max @90","SE Radar Fixe SE 90"
15.02242,60.77786,"max @90","SE Radar Fixe SE 90"
15.00394,58.93961,"max @90","SE Radar Fixe SE 90"
14.92725,58.83928,"max @90","SE Radar Fixe SE 90"
14.92719,58.83914,"max @90","SE Radar Fixe SE 90"
14.91786,56.75989,"max @90","SE Radar Fixe SE 90"
14.90942,56.77711,"max @90","SE Radar Fixe SE 90"
14.89897,56.78647,"max @90","SE Radar Fixe SE 90"
14.88608,56.80872,"max @90","SE Radar Fixe SE 90"
14.86008,56.84286,"max @90","SE Radar Fixe SE 90"
14.84417,61.50294,"max @90","SE Radar Fixe SE 90"
14.79469,59.26639,"max @90","SE Radar Fixe SE 90"
14.71878,56.84833,"max @90","SE Radar Fixe SE 90"
14.70311,59.27956,"max @90","SE Radar Fixe SE 90"
14.67047,58.302,"max @90","SE Radar Fixe SE 90"
14.6615,59.29578,"max @90","SE Radar Fixe SE 90"
14.54006,63.26681,"max @90","SE Radar Fixe SE 90"
14.53814,63.26844,"max @90","SE Radar Fixe SE 90"
14.47969,59.29053,"max @90","SE Radar Fixe SE 90"
14.46353,59.28494,"max @90","SE Radar Fixe SE 90"
14.45842,63.31522,"max @90","SE Radar Fixe SE 90"
14.45117,56.71572,"max @90","SE Radar Fixe SE 90"
14.44067,59.26378,"max @90","SE Radar Fixe SE 90"
14.41692,56.7075,"max @90","SE Radar Fixe SE 90"
14.41231,56.70625,"max @90","SE Radar Fixe SE 90"
14.16222,56.06858,"max @90","SE Radar Fixe SE 90"
14.14061,55.77272,"max @90","SE Radar Fixe SE 90"
14.1385,60.49483,"max @90","SE Radar Fixe SE 90"
14.13025,56.09611,"max @90","SE Radar Fixe SE 90"
14.12758,56.09789,"max @90","SE Radar Fixe SE 90"
14.10264,57.14303,"max @90","SE Radar Fixe SE 90"
14.10194,57.14331,"max @90","SE Radar Fixe SE 90"
14.10178,56.10442,"max @90","SE Radar Fixe SE 90"
14.09553,55.72697,"max @90","SE Radar Fixe SE 90"
14.06936,58.41497,"max @90","SE Radar Fixe SE 90"
14.06817,58.41458,"max @90","SE Radar Fixe SE 90"
14.05689,57.84125,"max @90","SE Radar Fixe SE 90"
14.05642,57.84111,"max @90","SE Radar Fixe SE 90"
14.02625,57.85186,"max @90","SE Radar Fixe SE 90"
14.02558,57.85228,"max @90","SE Radar Fixe SE 90"
13.98936,58.83672,"max @90","SE Radar Fixe SE 90"
13.98894,58.82831,"max @90","SE Radar Fixe SE 90"
13.97567,60.49097,"max @90","SE Radar Fixe SE 90"
13.95533,60.501,"max @90","SE Radar Fixe SE 90"
13.86964,57.16289,"max @90","SE Radar Fixe SE 90"
13.85853,58.69325,"max @90","SE Radar Fixe SE 90"
13.84786,57.931,"max @90","SE Radar Fixe SE 90"
13.84533,57.93311,"max @90","SE Radar Fixe SE 90"
13.83494,57.97933,"max @90","SE Radar Fixe SE 90"
13.83464,55.58456,"max @90","SE Radar Fixe SE 90"
13.83192,57.96975,"max @90","SE Radar Fixe SE 90"
13.83189,57.98197,"max @90","SE Radar Fixe SE 90"
13.83158,57.96644,"max @90","SE Radar Fixe SE 90"
13.83158,55.58619,"max @90","SE Radar Fixe SE 90"
13.82964,57.99186,"max @90","SE Radar Fixe SE 90"
13.82919,57.99142,"max @90","SE Radar Fixe SE 90"
13.82881,58.01403,"max @90","SE Radar Fixe SE 90"
13.8075,57.16622,"max @90","SE Radar Fixe SE 90"
13.80592,58.67294,"max @90","SE Radar Fixe SE 90"
13.79697,55.46958,"max @90","SE Radar Fixe SE 90"
13.78042,58.66597,"max @90","SE Radar Fixe SE 90"
13.77736,57.16817,"max @90","SE Radar Fixe SE 90"
13.77633,55.61175,"max @90","SE Radar Fixe SE 90"
13.77319,55.61325,"max @90","SE Radar Fixe SE 90"
13.74242,58.65333,"max @90","SE Radar Fixe SE 90"
13.74222,56.07128,"max @90","SE Radar Fixe SE 90"
13.74117,57.18303,"max @90","SE Radar Fixe SE 90"
13.71872,56.05133,"max @90","SE Radar Fixe SE 90"
13.69906,57.21728,"max @90","SE Radar Fixe SE 90"
13.69781,57.21839,"max @90","SE Radar Fixe SE 90"
13.65675,56.00986,"max @90","SE Radar Fixe SE 90"
13.65433,56.00797,"max @90","SE Radar Fixe SE 90"
13.65297,59.54844,"max @90","SE Radar Fixe SE 90"
13.65208,57.24108,"max @90","SE Radar Fixe SE 90"
13.65178,57.24131,"max @90","SE Radar Fixe SE 90"
13.63286,58.59628,"max @90","SE Radar Fixe SE 90"
13.63197,55.87717,"max @90","SE Radar Fixe SE 90"
13.62758,58.59233,"max @90","SE Radar Fixe SE 90"
13.62592,55.89061,"max @90","SE Radar Fixe SE 90"
13.61853,59.53419,"max @90","SE Radar Fixe SE 90"
13.61783,55.98781,"max @90","SE Radar Fixe SE 90"
13.61758,59.52314,"max @90","SE Radar Fixe SE 90"
13.60242,55.91047,"max @90","SE Radar Fixe SE 90"
13.58672,57.38742,"max @90","SE Radar Fixe SE 90"
13.58667,57.3875,"max @90","SE Radar Fixe SE 90"
13.58275,58.16789,"max @90","SE Radar Fixe SE 90"
13.57725,55.92722,"max @90","SE Radar Fixe SE 90"
13.57144,58.56122,"max @90","SE Radar Fixe SE 90"
13.54506,59.44528,"max @90","SE Radar Fixe SE 90"
13.46983,58.43386,"max @90","SE Radar Fixe SE 90"
13.46964,58.43542,"max @90","SE Radar Fixe SE 90"
13.46306,58.39725,"max @90","SE Radar Fixe SE 90"
13.43289,60.79847,"max @90","SE Radar Fixe SE 90"
13.43258,60.79881,"max @90","SE Radar Fixe SE 90"
13.40186,58.50969,"max @90","SE Radar Fixe SE 90"
13.38161,59.38142,"max @90","SE Radar Fixe SE 90"
13.36214,59.38344,"max @90","SE Radar Fixe SE 90"
13.34303,57.50178,"max @90","SE Radar Fixe SE 90"
13.34194,57.52133,"max @90","SE Radar Fixe SE 90"
13.34114,57.50372,"max @90","SE Radar Fixe SE 90"
13.34056,59.38678,"max @90","SE Radar Fixe SE 90"
13.33883,61.02878,"max @90","SE Radar Fixe SE 90"
13.30161,59.39431,"max @90","SE Radar Fixe SE 90"
13.19572,59.54797,"max @90","SE Radar Fixe SE 90"
13.19492,59.54858,"max @90","SE Radar Fixe SE 90"
13.16931,55.41406,"max @90","SE Radar Fixe SE 90"
13.16714,55.41047,"max @90","SE Radar Fixe SE 90"
13.14531,59.71169,"max @90","SE Radar Fixe SE 90"
13.11319,59.76153,"max @90","SE Radar Fixe SE 90"
13.10564,56.15047,"max @90","SE Radar Fixe SE 90"
13.10253,56.15161,"max @90","SE Radar Fixe SE 90"
12.95217,56.77586,"max @90","SE Radar Fixe SE 90"
12.94958,56.76961,"max @90","SE Radar Fixe SE 90"
12.93819,56.75003,"max @90","SE Radar Fixe SE 90"
12.90911,56.72683,"max @90","SE Radar Fixe SE 90"
12.90889,56.72694,"max @90","SE Radar Fixe SE 90"
12.83581,58.10056,"max @90","SE Radar Fixe SE 90"
12.8225,58.08694,"max @90","SE Radar Fixe SE 90"
12.82219,58.40411,"max @90","SE Radar Fixe SE 90"
12.81417,58.07361,"max @90","SE Radar Fixe SE 90"
12.78475,58.03028,"max @90","SE Radar Fixe SE 90"
12.77972,58.01917,"max @90","SE Radar Fixe SE 90"
12.77808,56.20511,"max @90","SE Radar Fixe SE 90"
12.77683,56.20522,"max @90","SE Radar Fixe SE 90"
12.76028,58.00639,"max @90","SE Radar Fixe SE 90"
12.75633,58.00639,"max @90","SE Radar Fixe SE 90"
12.70728,56.20933,"max @90","SE Radar Fixe SE 90"
12.69086,59.01189,"max @90","SE Radar Fixe SE 90"
12.67978,58.99717,"max @90","SE Radar Fixe SE 90"
12.67953,56.21525,"max @90","SE Radar Fixe SE 90"
12.67825,56.21522,"max @90","SE Radar Fixe SE 90"
12.67689,59.04228,"max @90","SE Radar Fixe SE 90"
12.63558,56.20856,"max @90","SE Radar Fixe SE 90"
12.63183,56.20781,"max @90","SE Radar Fixe SE 90"
12.61606,57.49942,"max @90","SE Radar Fixe SE 90"
12.6145,58.96528,"max @90","SE Radar Fixe SE 90"
12.59964,58.93639,"max @90","SE Radar Fixe SE 90"
12.59817,58.93314,"max @90","SE Radar Fixe SE 90"
12.58072,59.69611,"max @90","SE Radar Fixe SE 90"
12.57856,59.70031,"max @90","SE Radar Fixe SE 90"
12.57208,58.89283,"max @90","SE Radar Fixe SE 90"
12.57194,58.89322,"max @90","SE Radar Fixe SE 90"
12.56456,58.31717,"max @90","SE Radar Fixe SE 90"
12.50975,58.29989,"max @90","SE Radar Fixe SE 90"
12.45586,58.71589,"max @90","SE Radar Fixe SE 90"
12.41442,58.64939,"max @90","SE Radar Fixe SE 90"
12.41358,58.64294,"max @90","SE Radar Fixe SE 90"
12.41353,58.60131,"max @90","SE Radar Fixe SE 90"
12.41339,58.60142,"max @90","SE Radar Fixe SE 90"
12.34033,58.54706,"max @90","SE Radar Fixe SE 90"
12.338,58.54575,"max @90","SE Radar Fixe SE 90"
12.30733,58.52139,"max @90","SE Radar Fixe SE 90"
12.30711,58.52136,"max @90","SE Radar Fixe SE 90"
12.28997,58.42358,"max @90","SE Radar Fixe SE 90"
12.28989,58.42283,"max @90","SE Radar Fixe SE 90"
12.28317,58.44103,"max @90","SE Radar Fixe SE 90"
12.28292,58.44161,"max @90","SE Radar Fixe SE 90"
12.18681,58.21989,"max @90","SE Radar Fixe SE 90"
12.17475,58.21167,"max @90","SE Radar Fixe SE 90"
12.14339,58.18592,"max @90","SE Radar Fixe SE 90"
12.13644,58.16264,"max @90","SE Radar Fixe SE 90"
11.97214,57.80044,"max @90","SE Radar Fixe SE 90"
11.93272,57.79406,"max @90","SE Radar Fixe SE 90"
11.89669,57.77958,"max @90","SE Radar Fixe SE 90"
11.89631,57.77928,"max @90","SE Radar Fixe SE 90"
11.88106,57.76,"max @90","SE Radar Fixe SE 90"
11.87236,57.73033,"max @90","SE Radar Fixe SE 90"
11.86664,57.72314,"max @90","SE Radar Fixe SE 90"
11.39536,58.68006,"max @90","SE Radar Fixe SE 90"
11.39453,58.68114,"max @90","SE Radar Fixe SE 90"
11.3685,58.69897,"max @90","SE Radar Fixe SE 90"
11.36114,58.70444,"max @90","SE Radar Fixe SE 90"
9.602593,45.546272,"max @90","IT Radar Fixe IT 90"
12.30943,45.44775,"max @90","IT Radar Fixe IT 90"
12.28397,45.46193,"max @90","IT Radar Fixe IT 90"
17.51221,40.36697,"max @90","IT Radar Fixe IT 90"
16.06377,39.19236,"max @90","IT Radar Fixe IT 90"
16.06246,39.20059,"max @90","IT Radar Fixe IT 90"
13.74748,43.16937,"max @90","IT Radar Fixe IT 90"
13.22017,41.49912,"max @90","IT Radar Fixe IT 90"
13.21929,41.499,"max @90","IT Radar Fixe IT 90"
10.65493,45.29844,"max @90","IT Radar Fixe IT 90"
10.5175,45.43418,"max @90","IT Radar Fixe IT 90"
10.49866,45.41705,"max @90","IT Radar Fixe IT 90"
10.28199,45.50118,"max @90","IT Radar Fixe IT 90"
8.46369,45.27187,"max @90","IT Radar Fixe IT 90"
12.42163,44.1415,"max @90","IT Radar Fixe IT 90"
12.07527,44.16482,"max @90","IT Radar Fixe IT 90"
11.95704,45.58463,"max @90","IT Radar Fixe IT 90"
12.09955,41.95502,"max @90","IT Radar Fixe IT 90"
11.19165,44.51506,"max @90","IT Radar Fixe IT 90"
11.98392,44.19013,"max @90","IT Radar Fixe IT 90"
16.30529,40.13324,"max @90","IT Radar Fixe IT 90"
16.30259,40.13324,"max @90","IT Radar Fixe IT 90"
12.40297,42.96621,"max @90","IT Radar Fixe IT 90"
10.37068,45.48283,"max @90","IT Radar Fixe IT 90"
8.80969,45.78218,"max @90","IT Radar Fixe IT 90"
8.37844,45.57443,"max @90","IT Radar Fixe IT 90"
8.8197,44.85576,"max @90","IT Radar Fixe IT 90"
8.80945,44.83785,"max @90","IT Radar Fixe IT 90"
12.32495,46.0997,"max @90","IT Radar Fixe IT 90"
12.31099,45.44676,"max @90","IT Radar Fixe IT 90"
12.2986,45.4539,"max @90","IT Radar Fixe IT 90"
12.29743,45.45429,"max @90","IT Radar Fixe IT 90"
12.283,45.46247,"max @90","IT Radar Fixe IT 90"
11.95034,45.55621,"max @90","IT Radar Fixe IT 90"
11.89495,45.46832,"max @90","IT Radar Fixe IT 90"
11.76526,44.41587,"max @90","IT Radar Fixe IT 90"
11.76178,44.41101,"max @90","IT Radar Fixe IT 90"
11.69808,45.61534,"max @90","IT Radar Fixe IT 90"
11.65008,44.4854,"max @90","IT Radar Fixe IT 90"
11.63623,45.66941,"max @90","IT Radar Fixe IT 90"
11.63591,44.49084,"max @90","IT Radar Fixe IT 90"
11.61957,45.66163,"max @90","IT Radar Fixe IT 90"
11.59507,44.49339,"max @90","IT Radar Fixe IT 90"
11.58027,45.40163,"max @90","IT Radar Fixe IT 90"
11.44193,45.78414,"max @90","IT Radar Fixe IT 90"
11.43632,45.82846,"max @90","IT Radar Fixe IT 90"
11.43307,45.79507,"max @90","IT Radar Fixe IT 90"
11.43052,45.79497,"max @90","IT Radar Fixe IT 90"
11.42877,43.77089,"max @90","IT Radar Fixe IT 90"
11.42801,45.81306,"max @90","IT Radar Fixe IT 90"
11.41432,44.69715,"max @90","IT Radar Fixe IT 90"
11.28908,44.61225,"max @90","IT Radar Fixe IT 90"
11.27565,44.62121,"max @90","IT Radar Fixe IT 90"
11.26205,44.49185,"max @90","IT Radar Fixe IT 90"
11.24894,44.49189,"max @90","IT Radar Fixe IT 90"
11.24385,44.56532,"max @90","IT Radar Fixe IT 90"
11.23335,45.93328,"max @90","IT Radar Fixe IT 90"
16.50897,40.21496,"max @90","IT Radar Fixe IT 90"
13.78892,41.44317,"max @90","IT Radar Fixe IT 90"
13.76724,41.24618,"max @90","IT Radar Fixe IT 90"
13.74047,43.14058,"max @90","IT Radar Fixe IT 90"
13.73439,41.25766,"max @90","IT Radar Fixe IT 90"
13.7229,41.28584,"max @90","IT Radar Fixe IT 90"
13.72121,41.28455,"max @90","IT Radar Fixe IT 90"
13.71318,41.27927,"max @90","IT Radar Fixe IT 90"
13.7045,41.26014,"max @90","IT Radar Fixe IT 90"
13.67029,43.24595,"max @90","IT Radar Fixe IT 90"
13.65016,43.18197,"max @90","IT Radar Fixe IT 90"
13.64794,43.18532,"max @90","IT Radar Fixe IT 90"
13.64657,43.20494,"max @90","IT Radar Fixe IT 90"
13.64561,43.20199,"max @90","IT Radar Fixe IT 90"
13.5066,41.67585,"max @90","IT Radar Fixe IT 90"
13.20588,41.40092,"max @90","IT Radar Fixe IT 90"
13.09543,41.31553,"max @90","IT Radar Fixe IT 90"
13.09331,41.32034,"max @90","IT Radar Fixe IT 90"
12.62432,41.59671,"max @90","IT Radar Fixe IT 90"
12.61466,41.60023,"max @90","IT Radar Fixe IT 90"
12.46782,43.08727,"max @90","IT Radar Fixe IT 90"
12.4061,42.84777,"max @90","IT Radar Fixe IT 90"
12.40566,42.83866,"max @90","IT Radar Fixe IT 90"
12.00666,42.56279,"max @90","IT Radar Fixe IT 90"
11.91863,42.6741,"max @90","IT Radar Fixe IT 90"
11.4385,43.77007,"max @90","IT Radar Fixe IT 90"
11.28628,43.37535,"max @90","IT Radar Fixe IT 90"
11.26149,43.38956,"max @90","IT Radar Fixe IT 90"
11.20864,43.66507,"max @90","IT Radar Fixe IT 90"
11.154,46.07756,"max @90","IT Radar Fixe IT 90"
11.12383,46.0896,"max @90","IT Radar Fixe IT 90"
10.5761,46.63264,"max @90","IT Radar Fixe IT 90"
9.88964,44.87073,"max @90","IT Radar Fixe IT 90"
9.87154,44.9516,"max @90","IT Radar Fixe IT 90"
9.83468,45.43711,"max @90","IT Radar Fixe IT 90"
9.83265,45.43981,"max @90","IT Radar Fixe IT 90"
9.80226,45.17994,"max @90","IT Radar Fixe IT 90"
9.79211,45.17973,"max @90","IT Radar Fixe IT 90"
9.77092,45.68019,"max @90","IT Radar Fixe IT 90"
9.40284,45.0623,"max @90","IT Radar Fixe IT 90"
9.36301,45.63265,"max @90","IT Radar Fixe IT 90"
9.35597,45.59047,"max @90","IT Radar Fixe IT 90"
9.35377,45.58918,"max @90","IT Radar Fixe IT 90"
9.30631,45.53833,"max @90","IT Radar Fixe IT 90"
9.30337,45.53833,"max @90","IT Radar Fixe IT 90"
9.26237,45.53535,"max @90","IT Radar Fixe IT 90"
9.25688,45.50298,"max @90","IT Radar Fixe IT 90"
9.22316,45.38803,"max @90","IT Radar Fixe IT 90"
9.18274,45.38926,"max @90","IT Radar Fixe IT 90"
9.10937,45.40914,"max @90","IT Radar Fixe IT 90"
9.09654,45.41355,"max @90","IT Radar Fixe IT 90"
9.07818,45.46897,"max @90","IT Radar Fixe IT 90"
9.06628,45.50246,"max @90","IT Radar Fixe IT 90"
8.74882,45.64659,"max @90","IT Radar Fixe IT 90"
8.6777,45.78922,"max @90","IT Radar Fixe IT 90"
8.67766,45.76322,"max @90","IT Radar Fixe IT 90"
8.67668,45.79087,"max @90","IT Radar Fixe IT 90"
8.6408,44.98894,"max @90","IT Radar Fixe IT 90"
8.45738,45.35014,"max @90","IT Radar Fixe IT 90"
8.25492,45.11825,"max @90","IT Radar Fixe IT 90"
7.88751,45.4529,"max @90","IT Radar Fixe IT 90"
9.88937,44.87034,"max @90","IT Radar Fixe IT 90"
9.87691,44.86996,"max @90","IT Radar Fixe IT 90"
10.3446,44.86114,"max @90","IT Radar Fixe IT 90"
10.02393,44.84688,"max @90","IT Radar Fixe IT 90"
9.85731,44.84437,"max @90","IT Radar Fixe IT 90"
10.05175,44.83711,"max @90","IT Radar Fixe IT 90"
10.24396,44.8186,"max @90","IT Radar Fixe IT 90"
10.33815,44.77584,"max @90","IT Radar Fixe IT 90"
8.80659,44.7623,"max @90","IT Radar Fixe IT 90"
10.9529,44.70424,"max @90","IT Radar Fixe IT 90"
11.1219,43.7483,"max @90","IT Radar Fixe IT 90"
11.08638,43.72434,"max @90","IT Radar Fixe IT 90"
11.00452,43.72182,"max @90","IT Radar Fixe IT 90"
10.96666,43.71056,"max @90","IT Radar Fixe IT 90"
10.86145,43.70415,"max @90","IT Radar Fixe IT 90"
10.42243,43.69219,"max @90","IT Radar Fixe IT 90"
10.75922,43.68316,"max @90","IT Radar Fixe IT 90"
10.71807,43.66999,"max @90","IT Radar Fixe IT 90"
10.69279,43.65915,"max @90","IT Radar Fixe IT 90"
10.5441,43.6512,"max @90","IT Radar Fixe IT 90"
10.51065,43.62032,"max @90","IT Radar Fixe IT 90"
11.19735,43.59494,"max @90","IT Radar Fixe IT 90"
10.3424,43.59395,"max @90","IT Radar Fixe IT 90"
11.19939,43.59127,"max @90","IT Radar Fixe IT 90"
11.20154,43.52558,"max @90","IT Radar Fixe IT 90"
11.15892,43.45581,"max @90","IT Radar Fixe IT 90"
11.16098,43.41425,"max @90","IT Radar Fixe IT 90"
11.16153,43.41349,"max @90","IT Radar Fixe IT 90"
11.19398,43.39987,"max @90","IT Radar Fixe IT 90"
9.0481,39.37821,"max @90","IT Radar Fixe IT 90"
12.47475,43.09201,"max @90","IT Radar Fixe IT 90"
11.14507,43.43249,"max @90","IT Radar Fixe IT 90"
11.14479,43.43265,"max @90","IT Radar Fixe IT 90"
10.094572,45.540031,"max @90","IT Radar Fixe IT 90"
10.079062,45.538079,"max @90","IT Radar Fixe IT 90"
