4.38876,52.05723,"max @100","NL Radar Fixe NL 100"
3.87149,51.28659,"max @100","NL Radar Fixe NL 100"
3.71368,51.64154,"max @100","NL Radar Fixe NL 100"
4.22032,51.47669,"max @100","NL Radar Fixe NL 100"
4.68151,51.6611,"max @100","NL Radar Fixe NL 100"
4.65028,51.78585,"max @100","NL Radar Fixe NL 100"
4.56191,51.87085,"max @100","NL Radar Fixe NL 100"
4.37629,52.06262,"max @100","NL Radar Fixe NL 100"
4.5765,52.1224,"max @100","NL Radar Fixe NL 100"
4.88155,52.29625,"max @100","NL Radar Fixe NL 100"
4.84225,52.30483,"max @100","NL Radar Fixe NL 100"
4.85117,52.33834,"max @100","NL Radar Fixe NL 100"
5.04608,51.68043,"max @100","NL Radar Fixe NL 100"
5.05633,51.65927,"max @100","NL Radar Fixe NL 100"
5.05671,51.67024,"max @100","NL Radar Fixe NL 100"
5.05734,51.64945,"max @100","NL Radar Fixe NL 100"
5.05992,51.64079,"max @100","NL Radar Fixe NL 100"
5.12611,51.51082,"max @100","NL Radar Fixe NL 100"
5.30341,51.65528,"max @100","NL Radar Fixe NL 100"
5.34355,51.71095,"max @100","NL Radar Fixe NL 100"
5.07477,52.00409,"max @100","NL Radar Fixe NL 100"
5.12011,52.01293,"max @100","NL Radar Fixe NL 100"
5.12828,52.02291,"max @100","NL Radar Fixe NL 100"
4.9015,52.29157,"max @100","NL Radar Fixe NL 100"
4.9174,52.28787,"max @100","NL Radar Fixe NL 100"
4.92302,52.33047,"max @100","NL Radar Fixe NL 100"
4.9528,52.34099,"max @100","NL Radar Fixe NL 100"
4.96157,52.30469,"max @100","NL Radar Fixe NL 100"
4.96161,52.34998,"max @100","NL Radar Fixe NL 100"
4.98515,52.31294,"max @100","NL Radar Fixe NL 100"
4.91251,52.41859,"max @100","NL Radar Fixe NL 100"
4.91301,52.41861,"max @100","NL Radar Fixe NL 100"
4.9146,52.41786,"max @100","NL Radar Fixe NL 100"
4.96138,52.39625,"max @100","NL Radar Fixe NL 100"
4.96678,52.38985,"max @100","NL Radar Fixe NL 100"
4.99913,52.31896,"max @100","NL Radar Fixe NL 100"
5.00244,52.33309,"max @100","NL Radar Fixe NL 100"
5.22076,52.24261,"max @100","NL Radar Fixe NL 100"
4.89921,52.42381,"max @100","NL Radar Fixe NL 100"
4.89986,52.42365,"max @100","NL Radar Fixe NL 100"
5.43472,53.15847,"max @100","NL Radar Fixe NL 100"
5.85368,51.7757,"max @100","NL Radar Fixe NL 100"
6.0386,52.49355,"max @100","NL Radar Fixe NL 100"
6.601,53.20374,"max @100","NL Radar Fixe NL 100"
4.38876,52.05723,"max @100","NL Radar Fixe NL 100"
3.87149,51.28659,"max @100","NL Radar Fixe NL 100"
3.71368,51.64154,"max @100","NL Radar Fixe NL 100"
4.22032,51.47669,"max @100","NL Radar Fixe NL 100"
4.68151,51.6611,"max @100","NL Radar Fixe NL 100"
4.65028,51.78585,"max @100","NL Radar Fixe NL 100"
4.56191,51.87085,"max @100","NL Radar Fixe NL 100"
4.37629,52.06262,"max @100","NL Radar Fixe NL 100"
4.5765,52.1224,"max @100","NL Radar Fixe NL 100"
4.88155,52.29625,"max @100","NL Radar Fixe NL 100"
4.84225,52.30483,"max @100","NL Radar Fixe NL 100"
4.85117,52.33834,"max @100","NL Radar Fixe NL 100"
5.04608,51.68043,"max @100","NL Radar Fixe NL 100"
5.05633,51.65927,"max @100","NL Radar Fixe NL 100"
5.05671,51.67024,"max @100","NL Radar Fixe NL 100"
5.05734,51.64945,"max @100","NL Radar Fixe NL 100"
5.05992,51.64079,"max @100","NL Radar Fixe NL 100"
5.12611,51.51082,"max @100","NL Radar Fixe NL 100"
5.30341,51.65528,"max @100","NL Radar Fixe NL 100"
5.34355,51.71095,"max @100","NL Radar Fixe NL 100"
5.07477,52.00409,"max @100","NL Radar Fixe NL 100"
5.12011,52.01293,"max @100","NL Radar Fixe NL 100"
5.12828,52.02291,"max @100","NL Radar Fixe NL 100"
4.9015,52.29157,"max @100","NL Radar Fixe NL 100"
4.9174,52.28787,"max @100","NL Radar Fixe NL 100"
4.92302,52.33047,"max @100","NL Radar Fixe NL 100"
4.9528,52.34099,"max @100","NL Radar Fixe NL 100"
4.96157,52.30469,"max @100","NL Radar Fixe NL 100"
4.96161,52.34998,"max @100","NL Radar Fixe NL 100"
4.98515,52.31294,"max @100","NL Radar Fixe NL 100"
4.91251,52.41859,"max @100","NL Radar Fixe NL 100"
4.91301,52.41861,"max @100","NL Radar Fixe NL 100"
4.9146,52.41786,"max @100","NL Radar Fixe NL 100"
4.96138,52.39625,"max @100","NL Radar Fixe NL 100"
4.96678,52.38985,"max @100","NL Radar Fixe NL 100"
4.99913,52.31896,"max @100","NL Radar Fixe NL 100"
5.00244,52.33309,"max @100","NL Radar Fixe NL 100"
5.22076,52.24261,"max @100","NL Radar Fixe NL 100"
4.89921,52.42381,"max @100","NL Radar Fixe NL 100"
4.89986,52.42365,"max @100","NL Radar Fixe NL 100"
5.43472,53.15847,"max @100","NL Radar Fixe NL 100"
5.85368,51.7757,"max @100","NL Radar Fixe NL 100"
6.0386,52.49355,"max @100","NL Radar Fixe NL 100"
6.601,53.20374,"max @100","NL Radar Fixe NL 100"
-8.14699,40.68358,"max @100","PT Radar Fixe PT 100"
-8.16159,40.67897,"max @100","PT Radar Fixe PT 100"
-8.16879,40.68042,"max @100","PT Radar Fixe PT 100"
-8.17692,41.23154,"max @100","PT Radar Fixe PT 100"
-8.18664,40.68289,"max @100","PT Radar Fixe PT 100"
-8.399,40.66611,"max @100","PT Radar Fixe PT 100"
-8.39902,41.25709,"max @100","PT Radar Fixe PT 100"
-8.40782,40.66783,"max @100","PT Radar Fixe PT 100"
-8.43189,41.57595,"max @100","PT Radar Fixe PT 100"
-8.43759,41.58993,"max @100","PT Radar Fixe PT 100"
-8.43788,41.58949,"max @100","PT Radar Fixe PT 100"
-8.44255,41.5966,"max @100","PT Radar Fixe PT 100"
-8.44454,41.59842,"max @100","PT Radar Fixe PT 100"
-8.46075,41.48179,"max @100","PT Radar Fixe PT 100"
-8.4676,41.4706,"max @100","PT Radar Fixe PT 100"
-8.48263,41.19252,"max @100","PT Radar Fixe PT 100"
-8.52434,41.23007,"max @100","PT Radar Fixe PT 100"
-8.527,41.30933,"max @100","PT Radar Fixe PT 100"
-8.53836,41.30077,"max @100","PT Radar Fixe PT 100"
-8.57356,41.12468,"max @100","PT Radar Fixe PT 100"
-8.5814,41.09279,"max @100","PT Radar Fixe PT 100"
-8.58418,41.0939,"max @100","PT Radar Fixe PT 100"
-8.58839,40.66759,"max @100","PT Radar Fixe PT 100"
-8.60843,40.96404,"max @100","PT Radar Fixe PT 100"
-8.6108,40.97621,"max @100","PT Radar Fixe PT 100"
-8.62278,41.20472,"max @100","PT Radar Fixe PT 100"
-8.62439,41.08285,"max @100","PT Radar Fixe PT 100"
-8.63333,41.04117,"max @100","PT Radar Fixe PT 100"
-8.64153,41.06262,"max @100","PT Radar Fixe PT 100"
-8.65551,41.21629,"max @100","PT Radar Fixe PT 100"
-8.77709,41.88673,"max @100","PT Radar Fixe PT 100"
-8.78092,41.84257,"max @100","PT Radar Fixe PT 100"
-8.79819,41.82174,"max @100","PT Radar Fixe PT 100"
-8.79843,41.74415,"max @100","PT Radar Fixe PT 100"
-8.41892,40.66465,"max @100","PT Radar Fixe PT 100"
-7.2825,40.63888,"max @100","PT Radar Fixe PT 100"
-7.25285,40.57996,"max @100","PT Radar Fixe PT 100"
-8.05374,40.54786,"max @100","PT Radar Fixe PT 100"
-8.11146,40.4339,"max @100","PT Radar Fixe PT 100"
-8.11366,40.43116,"max @100","PT Radar Fixe PT 100"
-8.2871,40.27766,"max @100","PT Radar Fixe PT 100"
-8.48048,40.27515,"max @100","PT Radar Fixe PT 100"
-8.44315,40.25362,"max @100","PT Radar Fixe PT 100"
-8.49612,40.13366,"max @100","PT Radar Fixe PT 100"
-7.47483,40.09301,"max @100","PT Radar Fixe PT 100"
-8.55807,40.05601,"max @100","PT Radar Fixe PT 100"
-7.46711,40.02647,"max @100","PT Radar Fixe PT 100"
-8.42119,39.51202,"max @100","PT Radar Fixe PT 100"
-8.22022,39.48472,"max @100","PT Radar Fixe PT 100"
-9.25509,39.33154,"max @100","PT Radar Fixe PT 100"
-8.66738,39.19834,"max @100","PT Radar Fixe PT 100"
-9.0785,38.86555,"max @100","PT Radar Fixe PT 100"
-9.29667,38.76203,"max @100","PT Radar Fixe PT 100"
-9.22032,38.74111,"max @100","PT Radar Fixe PT 100"
-9.03557,38.62324,"max @100","PT Radar Fixe PT 100"
-9.02571,38.61158,"max @100","PT Radar Fixe PT 100"
-8.59619,38.47988,"max @100","PT Radar Fixe PT 100"
-8.59026,38.47336,"max @100","PT Radar Fixe PT 100"
-8.57602,38.4611,"max @100","PT Radar Fixe PT 100"
-8.41695,38.07967,"max @100","PT Radar Fixe PT 100"
-8.0367,37.75463,"max @100","PT Radar Fixe PT 100"
-8.06325,37.72602,"max @100","PT Radar Fixe PT 100"
-8.07323,37.71511,"max @100","PT Radar Fixe PT 100"
-8.04576,37.10687,"max @100","PT Radar Fixe PT 100"
-9.255476,38.748752,"max @100","PT Radar Fixe PT 100"
-9.185668,38.725021,"max @100","PT Radar Fixe PT 100"
11.20142,44.20769,"max @100","IT Radar Fixe IT 100"
11.22953,44.0838,"max @100","IT Radar Fixe IT 100"
14.32738,40.96458,"max @100","IT Radar Fixe IT 100"
14.32553,40.94084,"max @100","IT Radar Fixe IT 100"
14.32035,40.90914,"max @100","IT Radar Fixe IT 100"
14.31879,40.88068,"max @100","IT Radar Fixe IT 100"
14.31859,40.89604,"max @100","IT Radar Fixe IT 100"
12.61206,41.8479,"max @100","IT Radar Fixe IT 100"
11.23068,44.04602,"max @100","IT Radar Fixe IT 100"
11.22295,44.01575,"max @100","IT Radar Fixe IT 100"
11.21829,44.07418,"max @100","IT Radar Fixe IT 100"
11.2166,44.05366,"max @100","IT Radar Fixe IT 100"
11.20948,44.14743,"max @100","IT Radar Fixe IT 100"
11.20944,44.13874,"max @100","IT Radar Fixe IT 100"
11.20851,44.06152,"max @100","IT Radar Fixe IT 100"
11.20831,44.06839,"max @100","IT Radar Fixe IT 100"
11.1825,43.81303,"max @100","IT Radar Fixe IT 100"
11.17426,43.81807,"max @100","IT Radar Fixe IT 100"
10.82299,43.88999,"max @100","IT Radar Fixe IT 100"
11.21889,44.00621,"max @100","IT Radar Fixe IT 100"
6.405745,46.725944,"max @100","CH Radar Fixe CH 100"
6.0778041,46.1944509,"max @100","CH Radar Fixe CH 100"
9.365,47.43028,"max @100","CH Radar Fixe CH 100"
8.92037,45.99266,"max @100","CH Radar Fixe CH 100"
8.61691,47.41027,"max @100","CH Radar Fixe CH 100"
8.59249,46.89785,"max @100","CH Radar Fixe CH 100"
8.52677,47.05215,"max @100","CH Radar Fixe CH 100"
8.52653,47.05194,"max @100","CH Radar Fixe CH 100"
8.48808,47.42565,"max @100","CH Radar Fixe CH 100"
8.29029,47.07935,"max @100","CH Radar Fixe CH 100"
8.26872,47.08324,"max @100","CH Radar Fixe CH 100"
8.26866,47.08337,"max @100","CH Radar Fixe CH 100"
7.72324,47.52845,"max @100","CH Radar Fixe CH 100"
7.72124,47.52791,"max @100","CH Radar Fixe CH 100"
7.61458,47.54506,"max @100","CH Radar Fixe CH 100"
7.54425,47.19531,"max @100","CH Radar Fixe CH 100"
7.13423,46.92924,"max @100","CH Radar Fixe CH 100"
7.10089,46.90946,"max @100","CH Radar Fixe CH 100"
6.96918,47.00659,"max @100","CH Radar Fixe CH 100"
6.56653,46.55279,"max @100","CH Radar Fixe CH 100"
6.55306,46.53667,"max @100","CH Radar Fixe CH 100"
6.46922,46.73374,"max @100","CH Radar Fixe CH 100"
6.13668,46.24932,"max @100","CH Radar Fixe CH 100"
6.12972,46.24667,"max @100","CH Radar Fixe CH 100"
6.1025,46.22583,"max @100","CH Radar Fixe CH 100"
6.10139,46.22167,"max @100","CH Radar Fixe CH 100"
6.09639,46.21611,"max @100","CH Radar Fixe CH 100"
6.09505,46.21524,"max @100","CH Radar Fixe CH 100"
6.09417,46.16972,"max @100","CH Radar Fixe CH 100"
6.09115,46.172024,"max @100","CH Radar Fixe CH 100"
6.07825,46.19465,"max @100","CH Radar Fixe CH 100"
6.930452,46.420673,"max @100","CH Radar Fixe CH 100"
6.681377,46.523711,"max @100","CH Radar Fixe CH 100"
9.009544,45.843854,"max @100","CH Radar Fixe CH 100"
6.138502,46.253942,"max @100","CH Radar Fixe CH 100"
7.7691793,47.4953424,"max @100","CH Radar Fixe CH 100"
2.040582,41.272226,"max @100","ES Radar Fixe ES 100"
-2.33684,41.76372,"max @100","ES Radar Fixe ES 100"
0.65678,41.09695,"max @100","ES Radar Fixe ES 100"
-8.73758,42.308,"max @100","ES Radar Fixe ES 100"
-8.6863,42.29614,"max @100","ES Radar Fixe ES 100"
-1.05946,39.48234,"max @100","ES Radar Fixe ES 100"
-0.09446,41.01959,"max @100","ES Radar Fixe ES 100"
2.07225,41.89424,"max @100","ES Radar Fixe ES 100"
1.91024,41.78659,"max @100","ES Radar Fixe ES 100"
2.83716,41.80175,"max @100","ES Radar Fixe ES 100"
-0.22278,39.04096,"max @100","ES Radar Fixe ES 100"
-2.99545,43.3431,"max @100","ES Radar Fixe ES 100"
-3.10561,43.3379,"max @100","ES Radar Fixe ES 100"
-3.12923,43.34168,"max @100","ES Radar Fixe ES 100"
-6.82672,42.0331,"max @100","ES Radar Fixe ES 100"
-4.11412,39.93363,"max @100","ES Radar Fixe ES 100"
0.94748,41.17201,"max @100","ES Radar Fixe ES 100"
1.22989,41.12898,"max @100","ES Radar Fixe ES 100"
-4.72269,41.59463,"max @100","ES Radar Fixe ES 100"
-0.35745,42.5389,"max @100","ES Radar Fixe ES 100"
-0.42189,39.46673,"max @100","ES Radar Fixe ES 100"
-2.1393,38.88224,"max @100","ES Radar Fixe ES 100"
-3.85199,39.59235,"max @100","ES Radar Fixe ES 100"
-0.48506,38.89386,"max @100","ES Radar Fixe ES 100"
1.61117,41.27601,"max @100","ES Radar Fixe ES 100"
-3.08957,39.59558,"max @100","ES Radar Fixe ES 100"
0.1993,41.01711,"max @100","ES Radar Fixe ES 100"
-0.76952,40.12389,"max @100","ES Radar Fixe ES 100"
-5.83239,37.34799,"max @100","ES Radar Fixe ES 100"
0.71598,40.86938,"max @100","ES Radar Fixe ES 100"
2.94653,39.45606,"max @100","ES Radar Fixe ES 100"
3.16063,39.4891,"max @100","ES Radar Fixe ES 100"
1.17508,41.25604,"max @100","ES Radar Fixe ES 100"
0.64125,41.1114,"max @100","ES Radar Fixe ES 100"
0.48821,40.9139,"max @100","ES Radar Fixe ES 100"
-6.03451,37.36297,"max @100","ES Radar Fixe ES 100"
2.45157,39.54754,"max @100","ES Radar Fixe ES 100"
-0.91126,38.15414,"max @100","ES Radar Fixe ES 100"
-3.3006,39.86944,"max @100","ES Radar Fixe ES 100"
-2.45267,41.84417,"max @100","ES Radar Fixe ES 100"
1.76875,41.73398,"max @100","ES Radar Fixe ES 100"
1.21334,41.26857,"max @100","ES Radar Fixe ES 100"
1.56006,41.20645,"max @100","ES Radar Fixe ES 100"
0.5145,40.84037,"max @100","ES Radar Fixe ES 100"
-15.6745,27.77021,"max @100","ES Radar Fixe ES 100"
-0.57359,38.93059,"max @100","ES Radar Fixe ES 100"
-0.30144,39.64957,"max @100","ES Radar Fixe ES 100"
-6.08225,37.5258,"max @100","ES Radar Fixe ES 100"
1.10307,41.13447,"max @100","ES Radar Fixe ES 100"
-1.99013,36.96603,"max @100","ES Radar Fixe ES 100"
-3.60882,37.13429,"max @100","ES Radar Fixe ES 100"
0.98774,41.16493,"max @100","ES Radar Fixe ES 100"
2.20305,41.5099,"max @100","ES Radar Fixe ES 100"
-5.09282,37.22923,"max @100","ES Radar Fixe ES 100"
-2.23524,42.9876,"max @100","ES Radar Fixe ES 100"
-2.23447,42.95478,"max @100","ES Radar Fixe ES 100"
2.95991,41.82764,"max @100","ES Radar Fixe ES 100"
1.61944,41.93471,"max @100","ES Radar Fixe ES 100"
-4.74055,36.77433,"max @100","ES Radar Fixe ES 100"
-1.62844,37.5293,"max @100","ES Radar Fixe ES 100"
0.20156,41.52015,"max @100","ES Radar Fixe ES 100"
-3.2011,43.3539,"max @100","ES Radar Fixe ES 100"
-5.59092,43.50375,"max @100","ES Radar Fixe ES 100"
2.3117,41.911,"max @100","ES Radar Fixe ES 100"
2.1849,41.93546,"max @100","ES Radar Fixe ES 100"
1.87051,41.86174,"max @100","ES Radar Fixe ES 100"
1.88971,41.82313,"max @100","ES Radar Fixe ES 100"
-5.7673,39.02958,"max @100","ES Radar Fixe ES 100"
2.18732,41.57685,"max @100","ES Radar Fixe ES 100"
-0.80912,41.7296,"max @100","ES Radar Fixe ES 100"
-5.8826,37.37183,"max @100","ES Radar Fixe ES 100"
-5.38096,36.20978,"max @100","ES Radar Fixe ES 100"
-3.12585,42.62889,"max @100","ES Radar Fixe ES 100"
-3.82713,40.38698,"max @100","ES Radar Fixe ES 100"
-3.70047,40.36381,"max @100","ES Radar Fixe ES 100"
-3.69174,40.3082,"max @100","ES Radar Fixe ES 100"
-2.33657,41.76369,"max @100","ES Radar Fixe ES 100"
-0.82069,39.43357,"max @100","ES Radar Fixe ES 100"
0.65681,41.09699,"max @100","ES Radar Fixe ES 100"
2.24293,41.78556,"max @100","ES Radar Fixe ES 100"
0.15408,42.04639,"max @100","ES Radar Fixe ES 100"
-0.93763,37.81563,"max @100","ES Radar Fixe ES 100"
2.90333,42.13171,"max @100","ES Radar Fixe ES 100"
1.6662,41.33303,"max @100","ES Radar Fixe ES 100"
-3.624,40.46322,"max @100","ES Radar Fixe ES 100"
-8.61532,42.16761,"max @100","ES Radar Fixe ES 100"
-8.38415,42.16665,"max @100","ES Radar Fixe ES 100"
-2.87702,42.44051,"max @100","ES Radar Fixe ES 100"
-7.89648,42.28746,"max @100","ES Radar Fixe ES 100"
-3.85852,37.78123,"max @100","ES Radar Fixe ES 100"
-0.46705,41.21129,"max @100","ES Radar Fixe ES 100"
-5.7931,36.47016,"max @100","ES Radar Fixe ES 100"
-2.74591,42.93415,"max @100","ES Radar Fixe ES 100"
-2.742,42.9313,"max @100","ES Radar Fixe ES 100"
0.59365,40.73026,"max @100","ES Radar Fixe ES 100"
0.56032,40.59932,"max @100","ES Radar Fixe ES 100"
1.68348,41.55684,"max @100","ES Radar Fixe ES 100"
2.8132,42.06672,"max @100","ES Radar Fixe ES 100"
2.81285,42.06634,"max @100","ES Radar Fixe ES 100"
3.01709,42.21875,"max @100","ES Radar Fixe ES 100"
2.64825,42.2156,"max @100","ES Radar Fixe ES 100"
2.51606,42.1929,"max @100","ES Radar Fixe ES 100"
2.59117,42.21737,"max @100","ES Radar Fixe ES 100"
3.07508,42.3269,"max @100","ES Radar Fixe ES 100"
2.88776,41.84974,"max @100","ES Radar Fixe ES 100"
-1.36487,41.46663,"max @100","ES Radar Fixe ES 100"
-0.20161,38.5271,"max @100","ES Radar Fixe ES 100"
-0.20159,38.52716,"max @100","ES Radar Fixe ES 100"
2.5386,41.84805,"max @100","ES Radar Fixe ES 100"
-5.91034,38.96061,"max @100","ES Radar Fixe ES 100"
-6.17808,36.64519,"max @100","ES Radar Fixe ES 100"
-8.69586,42.24697,"max @100","ES Radar Fixe ES 100"
1.57966,41.74544,"max @100","ES Radar Fixe ES 100"
0.9891,41.04518,"max @100","ES Radar Fixe ES 100"
-3.7383,40.49093,"max @100","ES Radar Fixe ES 100"
-3.17708,40.627,"max @100","ES Radar Fixe ES 100"
-5.2455,38.2971,"max @100","ES Radar Fixe ES 100"
-5.59423,36.0238,"max @100","ES Radar Fixe ES 100"
-0.22282,39.04108,"max @100","ES Radar Fixe ES 100"
-13.5787,28.95796,"max @100","ES Radar Fixe ES 100"
-13.57844,28.95784,"max @100","ES Radar Fixe ES 100"
-2.77728,42.5382,"max @100","ES Radar Fixe ES 100"
-3.69218,40.31597,"max @100","ES Radar Fixe ES 100"
-2.99468,43.34773,"max @100","ES Radar Fixe ES 100"
-2.99535,43.34305,"max @100","ES Radar Fixe ES 100"
-3.1056,43.33793,"max @100","ES Radar Fixe ES 100"
-3.1292,43.3417,"max @100","ES Radar Fixe ES 100"
2.25057,41.57596,"max @100","ES Radar Fixe ES 100"
-6.82714,42.03297,"max @100","ES Radar Fixe ES 100"
-6.99027,37.26889,"max @100","ES Radar Fixe ES 100"
-6.98506,37.27174,"max @100","ES Radar Fixe ES 100"
-7.0181,37.20564,"max @100","ES Radar Fixe ES 100"
-0.12385,39.87053,"max @100","ES Radar Fixe ES 100"
-6.44705,39.45725,"max @100","ES Radar Fixe ES 100"
-3.71349,40.56059,"max @100","ES Radar Fixe ES 100"
0.65994,40.7753,"max @100","ES Radar Fixe ES 100"
-4.11369,39.93341,"max @100","ES Radar Fixe ES 100"
0.94742,41.17199,"max @100","ES Radar Fixe ES 100"
1.39244,41.15871,"max @100","ES Radar Fixe ES 100"
2.77747,41.77853,"max @100","ES Radar Fixe ES 100"
0.64762,41.63847,"max @100","ES Radar Fixe ES 100"
0.71594,40.86937,"max @100","ES Radar Fixe ES 100"
1.24159,41.12696,"max @100","ES Radar Fixe ES 100"
1.22978,41.12895,"max @100","ES Radar Fixe ES 100"
-4.72273,41.59464,"max @100","ES Radar Fixe ES 100"
2.71008,41.87997,"max @100","ES Radar Fixe ES 100"
-4.64179,36.50708,"max @100","ES Radar Fixe ES 100"
-4.68624,36.50021,"max @100","ES Radar Fixe ES 100"
-2.09739,43.10627,"max @100","ES Radar Fixe ES 100"
-0.42192,39.46679,"max @100","ES Radar Fixe ES 100"
-2.13916,38.88228,"max @100","ES Radar Fixe ES 100"
1.68006,41.59226,"max @100","ES Radar Fixe ES 100"
-3.85178,39.59223,"max @100","ES Radar Fixe ES 100"
-3.64498,40.06854,"max @100","ES Radar Fixe ES 100"
-0.48498,38.89391,"max @100","ES Radar Fixe ES 100"
-4.74296,40.64092,"max @100","ES Radar Fixe ES 100"
-0.94872,37.62034,"max @100","ES Radar Fixe ES 100"
1.14637,41.2048,"max @100","ES Radar Fixe ES 100"
-3.62761,37.20376,"max @100","ES Radar Fixe ES 100"
-4.77332,37.85917,"max @100","ES Radar Fixe ES 100"
-0.72286,37.62646,"max @100","ES Radar Fixe ES 100"
-0.85543,41.72026,"max @100","ES Radar Fixe ES 100"
-5.571,36.22687,"max @100","ES Radar Fixe ES 100"
-5.75209,36.81285,"max @100","ES Radar Fixe ES 100"
-2.95648,38.91036,"max @100","ES Radar Fixe ES 100"
-4.23385,38.9974,"max @100","ES Radar Fixe ES 100"
-3.74448,39.27373,"max @100","ES Radar Fixe ES 100"
-3.63359,38.90176,"max @100","ES Radar Fixe ES 100"
-1.37972,38.01559,"max @100","ES Radar Fixe ES 100"
-3.08957,39.59561,"max @100","ES Radar Fixe ES 100"
2.63133,41.74751,"max @100","ES Radar Fixe ES 100"
-3.70251,42.30487,"max @100","ES Radar Fixe ES 100"
-8.86408,42.44239,"max @100","ES Radar Fixe ES 100"
-7.62444,42.50054,"max @100","ES Radar Fixe ES 100"
0.54507,41.57265,"max @100","ES Radar Fixe ES 100"
0.48581,41.97486,"max @100","ES Radar Fixe ES 100"
-16.42687,28.47264,"max @100","ES Radar Fixe ES 100"
-5.03228,38.18408,"max @100","ES Radar Fixe ES 100"
-3.69461,40.53684,"max @100","ES Radar Fixe ES 100"
-3.47843,39.32593,"max @100","ES Radar Fixe ES 100"
1.88,41.90869,"max @100","ES Radar Fixe ES 100"
-0.76948,40.12406,"max @100","ES Radar Fixe ES 100"
2.19093,41.49517,"max @100","ES Radar Fixe ES 100"
1.7783,41.58048,"max @100","ES Radar Fixe ES 100"
-5.577,43.51037,"max @100","ES Radar Fixe ES 100"
-5.53312,43.49499,"max @100","ES Radar Fixe ES 100"
-5.51055,43.46294,"max @100","ES Radar Fixe ES 100"
-6.89264,38.81173,"max @100","ES Radar Fixe ES 100"
-5.93237,37.38601,"max @100","ES Radar Fixe ES 100"
-5.88256,37.37154,"max @100","ES Radar Fixe ES 100"
-5.83252,37.34791,"max @100","ES Radar Fixe ES 100"
-5.92908,43.54425,"max @100","ES Radar Fixe ES 100"
-5.94289,43.55417,"max @100","ES Radar Fixe ES 100"
1.07654,41.15457,"max @100","ES Radar Fixe ES 100"
-1.18135,41.38757,"max @100","ES Radar Fixe ES 100"
2.75092,41.74653,"max @100","ES Radar Fixe ES 100"
-4.97748,38.25786,"max @100","ES Radar Fixe ES 100"
-3.39022,40.68866,"max @100","ES Radar Fixe ES 100"
-3.93061,43.42847,"max @100","ES Radar Fixe ES 100"
-3.97356,43.41233,"max @100","ES Radar Fixe ES 100"
-4.03658,43.37812,"max @100","ES Radar Fixe ES 100"
-2.02484,43.18825,"max @100","ES Radar Fixe ES 100"
-2.01181,43.16952,"max @100","ES Radar Fixe ES 100"
-2.0065,43.16219,"max @100","ES Radar Fixe ES 100"
-2.93789,40.81204,"max @100","ES Radar Fixe ES 100"
-3.50767,38.96169,"max @100","ES Radar Fixe ES 100"
-2.27502,42.42856,"max @100","ES Radar Fixe ES 100"
-2.47126,42.39915,"max @100","ES Radar Fixe ES 100"
-2.51692,42.44531,"max @100","ES Radar Fixe ES 100"
-2.54362,42.53186,"max @100","ES Radar Fixe ES 100"
-2.5449,42.53262,"max @100","ES Radar Fixe ES 100"
0.64127,41.11147,"max @100","ES Radar Fixe ES 100"
0.5771,41.45677,"max @100","ES Radar Fixe ES 100"
-4.48819,40.40838,"max @100","ES Radar Fixe ES 100"
-0.13135,39.88455,"max @100","ES Radar Fixe ES 100"
-6.03452,37.36299,"max @100","ES Radar Fixe ES 100"
-6.27693,37.69182,"max @100","ES Radar Fixe ES 100"
2.24501,41.77265,"max @100","ES Radar Fixe ES 100"
1.29396,42.00759,"max @100","ES Radar Fixe ES 100"
1.22058,41.91811,"max @100","ES Radar Fixe ES 100"
-4.28137,40.74684,"max @100","ES Radar Fixe ES 100"
-6.06652,36.83339,"max @100","ES Radar Fixe ES 100"
-3.36682,42.49131,"max @100","ES Radar Fixe ES 100"
-5.62102,40.68291,"max @100","ES Radar Fixe ES 100"
-5.62934,40.75614,"max @100","ES Radar Fixe ES 100"
-5.79798,41.63374,"max @100","ES Radar Fixe ES 100"
-5.79852,41.6957,"max @100","ES Radar Fixe ES 100"
-4.31653,42.65638,"max @100","ES Radar Fixe ES 100"
-4.59453,40.98034,"max @100","ES Radar Fixe ES 100"
-5.12233,40.87903,"max @100","ES Radar Fixe ES 100"
-2.21319,39.04393,"max @100","ES Radar Fixe ES 100"
-3.74964,39.28971,"max @100","ES Radar Fixe ES 100"
-2.38316,37.06445,"max @100","ES Radar Fixe ES 100"
-0.91138,38.15411,"max @100","ES Radar Fixe ES 100"
-0.02674,38.87025,"max @100","ES Radar Fixe ES 100"
-0.01641,38.86456,"max @100","ES Radar Fixe ES 100"
-3.06289,40.58531,"max @100","ES Radar Fixe ES 100"
-2.65933,39.23329,"max @100","ES Radar Fixe ES 100"
-3.30062,39.86951,"max @100","ES Radar Fixe ES 100"
2.82624,42.22185,"max @100","ES Radar Fixe ES 100"
0.13603,42.02256,"max @100","ES Radar Fixe ES 100"
-2.80117,41.80695,"max @100","ES Radar Fixe ES 100"
0.3351,41.41516,"max @100","ES Radar Fixe ES 100"
-0.2278,40.95325,"max @100","ES Radar Fixe ES 100"
-3.63442,41.64508,"max @100","ES Radar Fixe ES 100"
-2.63891,41.75752,"max @100","ES Radar Fixe ES 100"
-2.45273,41.84414,"max @100","ES Radar Fixe ES 100"
-5.91252,40.12728,"max @100","ES Radar Fixe ES 100"
-4.24533,40.85783,"max @100","ES Radar Fixe ES 100"
0.813,41.76357,"max @100","ES Radar Fixe ES 100"
1.21336,41.26858,"max @100","ES Radar Fixe ES 100"
2.2532,41.57149,"max @100","ES Radar Fixe ES 100"
1.5602,41.20644,"max @100","ES Radar Fixe ES 100"
2.41645,41.64885,"max @100","ES Radar Fixe ES 100"
0.51451,40.84024,"max @100","ES Radar Fixe ES 100"
0.50335,40.78241,"max @100","ES Radar Fixe ES 100"
-15.4239,28.0472,"max @100","ES Radar Fixe ES 100"
-15.6745,27.77,"max @100","ES Radar Fixe ES 100"
-15.40075,28.03126,"max @100","ES Radar Fixe ES 100"
-15.55019,27.77498,"max @100","ES Radar Fixe ES 100"
-15.38726,27.949,"max @100","ES Radar Fixe ES 100"
-15.38745,27.9517,"max @100","ES Radar Fixe ES 100"
-0.35777,42.52524,"max @100","ES Radar Fixe ES 100"
1.6901,41.41961,"max @100","ES Radar Fixe ES 100"
-4.22013,39.87685,"max @100","ES Radar Fixe ES 100"
-4.55977,42.0595,"max @100","ES Radar Fixe ES 100"
-4.53297,41.35029,"max @100","ES Radar Fixe ES 100"
-2.12927,41.68005,"max @100","ES Radar Fixe ES 100"
1.8592,41.6221,"max @100","ES Radar Fixe ES 100"
0.86368,41.81026,"max @100","ES Radar Fixe ES 100"
-1.6504,37.56624,"max @100","ES Radar Fixe ES 100"
-0.57348,38.93115,"max @100","ES Radar Fixe ES 100"
-4.16648,40.71401,"max @100","ES Radar Fixe ES 100"
-4.12948,40.69953,"max @100","ES Radar Fixe ES 100"
-3.49741,37.23554,"max @100","ES Radar Fixe ES 100"
-0.30139,39.64968,"max @100","ES Radar Fixe ES 100"
-5.70865,40.94973,"max @100","ES Radar Fixe ES 100"
-4.42422,36.76281,"max @100","ES Radar Fixe ES 100"
-4.49616,37.04022,"max @100","ES Radar Fixe ES 100"
-0.43952,42.15473,"max @100","ES Radar Fixe ES 100"
-3.50694,38.38715,"max @100","ES Radar Fixe ES 100"
-3.49929,38.4037,"max @100","ES Radar Fixe ES 100"
2.06285,41.3492,"max @100","ES Radar Fixe ES 100"
2.021,41.3863,"max @100","ES Radar Fixe ES 100"
2.0222,41.39811,"max @100","ES Radar Fixe ES 100"
2.01687,41.40471,"max @100","ES Radar Fixe ES 100"
2.07258,41.34653,"max @100","ES Radar Fixe ES 100"
2.0239,41.38182,"max @100","ES Radar Fixe ES 100"
2.24473,41.46806,"max @100","ES Radar Fixe ES 100"
0.5914,40.64883,"max @100","ES Radar Fixe ES 100"
-0.8091,41.72966,"max @100","ES Radar Fixe ES 100"
-5.88256,37.37188,"max @100","ES Radar Fixe ES 100"
3.07316,39.8372,"max @100","ES Radar Fixe ES 100"
-0.50145,39.41245,"max @100","ES Radar Fixe ES 100"
-0.46435,39.37692,"max @100","ES Radar Fixe ES 100"
2.048349,41.275779,"max @100","ES Radar Fixe ES 100"
-2.93557,55.34124,"max @100","GB Radar Fixe GB 100"
0.1067,51.59988,"max @100","GB Radar Fixe GB 100"
4.3344,50.90791,"max @100","BE Radar Fixe BE 100"
4.47798,50.85055,"max @100","BE Radar Fixe BE 100"
4.46913,50.86892,"max @100","BE Radar Fixe BE 100"
4.437,51.20033,"max @100","BE Radar Fixe BE 100"
4.4511,51.21867,"max @100","BE Radar Fixe BE 100"
4.3334,51.31303,"max @100","BE Radar Fixe BE 100"
4.30348,51.3027,"max @100","BE Radar Fixe BE 100"
4.41389,51.17028,"max @100","BE Radar Fixe BE 100"
4.39333,51.19556,"max @100","BE Radar Fixe BE 100"
4.375,51.20222,"max @100","BE Radar Fixe BE 100"
5.842706,50.63094,"max @100","BE Radar Fixe BE 100"
4.43389,51.1957,"max @100","BE Radar Fixe BE 100"
5.605379,50.572454,"max @100","BE Radar Fixe BE 100"
21.101,51.52218,"max @100","PL Radar Fixe PL 100"
12.683,56.09439,"max @100","SE Radar Fixe SE 100"
12.67928,56.09478,"max @100","SE Radar Fixe SE 100"
12.63717,56.11169,"max @100","SE Radar Fixe SE 100"
12.63544,56.11239,"max @100","SE Radar Fixe SE 100"
10.86867,52.92131,"max @100","DE Radar Fixe DE 100"
8.77897,50.81247,"max @100","DE Radar Fixe DE 100"
8.76881,50.82339,"max @100","DE Radar Fixe DE 100"
8.75881,50.78689,"max @100","DE Radar Fixe DE 100"
9.31642,48.81697,"max @100","DE Radar Fixe DE 100"
9.97767,52.746,"max @100","DE Radar Fixe DE 100"
10.38828,52.96792,"max @100","DE Radar Fixe DE 100"
10.39611,52.96767,"max @100","DE Radar Fixe DE 100"
8.04311,51.91361,"max @100","DE Radar Fixe DE 100"
10.41253,53.27428,"max @100","DE Radar Fixe DE 100"
8.77881,50.81244,"max @100","DE Radar Fixe DE 100"
8.61558,51.97819,"max @100","DE Radar Fixe DE 100"
7.46486,52.78725,"max @100","DE Radar Fixe DE 100"
7.63986,52.86167,"max @100","DE Radar Fixe DE 100"
7.48883,52.81408,"max @100","DE Radar Fixe DE 100"
8.04317,51.91358,"max @100","DE Radar Fixe DE 100"
8.02103,51.96611,"max @100","DE Radar Fixe DE 100"
8.03681,52.02594,"max @100","DE Radar Fixe DE 100"
13.93714,52.72225,"max @100","DE Radar Fixe DE 100"
10.47542,52.43472,"max @100","DE Radar Fixe DE 100"
10.55383,51.91044,"max @100","DE Radar Fixe DE 100"
6.92589,52.54983,"max @100","DE Radar Fixe DE 100"
6.89094,52.57619,"max @100","DE Radar Fixe DE 100"
10.52494,52.46636,"max @100","DE Radar Fixe DE 100"
10.52294,52.573,"max @100","DE Radar Fixe DE 100"
11.72497,48.34958,"max @100","DE Radar Fixe DE 100"
6.74722,51.27064,"max @100","DE Radar Fixe DE 100"
10.62817,52.95697,"max @100","DE Radar Fixe DE 100"
10.4425,53.26361,"max @100","DE Radar Fixe DE 100"
9.60247,51.96203,"max @100","DE Radar Fixe DE 100"
6.97358,52.60264,"max @100","DE Radar Fixe DE 100"
6.99806,52.58722,"max @100","DE Radar Fixe DE 100"
10.52644,52.40222,"max @100","DE Radar Fixe DE 100"
7.72519,52.73061,"max @100","DE Radar Fixe DE 100"
10.63133,52.95717,"max @100","DE Radar Fixe DE 100"
14.15989,53.46619,"max @100","DE Radar Fixe DE 100"
8.38467,52.76583,"max @100","DE Radar Fixe DE 100"
10.46875,52.63719,"max @100","DE Radar Fixe DE 100"
6.89306,51.96481,"max @100","DE Radar Fixe DE 100"
7.05072,51.88111,"max @100","DE Radar Fixe DE 100"
7.05081,51.87978,"max @100","DE Radar Fixe DE 100"
6.94936,52.05358,"max @100","DE Radar Fixe DE 100"
6.94917,52.05325,"max @100","DE Radar Fixe DE 100"
6.74592,51.27008,"max @100","DE Radar Fixe DE 100"
13.88022,54.07042,"max @100","DE Radar Fixe DE 100"
10.35239,51.20908,"max @100","DE Radar Fixe DE 100"
10.6945,50.98158,"max @100","DE Radar Fixe DE 100"
10.845,51.32353,"max @100","DE Radar Fixe DE 100"
10.69492,50.98061,"max @100","DE Radar Fixe DE 100"
10.67003,51.0335,"max @100","DE Radar Fixe DE 100"
10.64875,51.05972,"max @100","DE Radar Fixe DE 100"
9.89064,52.63661,"max @100","DE Radar Fixe DE 100"
10.52494,53.09478,"max @100","DE Radar Fixe DE 100"
13.99122,52.76336,"max @100","DE Radar Fixe DE 100"
13.93728,52.72236,"max @100","DE Radar Fixe DE 100"
13.95078,52.73464,"max @100","DE Radar Fixe DE 100"
13.99153,52.76381,"max @100","DE Radar Fixe DE 100"
10.6855,51.0075,"max @100","DE Radar Fixe DE 100"
11.84656,50.88008,"max @100","DE Radar Fixe DE 100"
13.58244,54.00881,"max @100","DE Radar Fixe DE 100"
9.13503,51.62925,"max @100","DE Radar Fixe DE 100"
7.17781,52.50414,"max @100","DE Radar Fixe DE 100"
7.16511,52.50767,"max @100","DE Radar Fixe DE 100"
7.59689,52.57861,"max @100","DE Radar Fixe DE 100"
9.11289,51.48903,"max @100","DE Radar Fixe DE 100"
9.31519,48.81694,"max @100","DE Radar Fixe DE 100"
7.06528,51.3325,"max @100","DE Radar Fixe DE 100"
9.09208,51.88344,"max @100","DE Radar Fixe DE 100"
7.39722,52.10014,"max @100","DE Radar Fixe DE 100"
6.89736,51.97139,"max @100","DE Radar Fixe DE 100"
13.01972,53.63264,"max @100","DE Radar Fixe DE 100"
10.6575,51.04819,"max @100","DE Radar Fixe DE 100"
10.70756,52.08592,"max @100","DE Radar Fixe DE 100"
10.841,51.32778,"max @100","DE Radar Fixe DE 100"
9.7525,50.68744,"max @100","DE Radar Fixe DE 100"
9.43164,51.82967,"max @100","DE Radar Fixe DE 100"
7.90578,51.92619,"max @100","DE Radar Fixe DE 100"
6.86014,51.16806,"max @100","DE Radar Fixe DE 100"
8.60694,51.76269,"max @100","DE Radar Fixe DE 100"
8.60417,51.76278,"max @100","DE Radar Fixe DE 100"
10.348,51.20992,"max @100","DE Radar Fixe DE 100"
8.57189,51.58764,"max @100","DE Radar Fixe DE 100"
9.17911,51.70067,"max @100","DE Radar Fixe DE 100"
7.43614,52.06508,"max @100","DE Radar Fixe DE 100"
8.95528,51.73969,"max @100","DE Radar Fixe DE 100"
7.95303,51.76578,"max @100","DE Radar Fixe DE 100"
7.84819,51.77431,"max @100","DE Radar Fixe DE 100"
8.46319,53.43614,"max @100","DE Radar Fixe DE 100"
11.84669,50.88044,"max @100","DE Radar Fixe DE 100"
11.90078,47.82925,"max @100","DE Radar Fixe DE 100"
9.70772,51.40211,"max @100","DE Radar Fixe DE 100"
7.99733,50.4095,"max @100","DE Radar Fixe DE 100"
7.98017,50.41225,"max @100","DE Radar Fixe DE 100"
9.341265,48.83579,"max @100","DE Radar Fixe DE 100"
9.3345,48.832187,"max @100","DE Radar Fixe DE 100"
8.149273,49.194203,"max @100","DE Radar Fixe DE 100"
14.007275,53.250164,"max @100","DE Radar Fixe DE 100"
9.178355,48.49385,"max @100","DE Radar Fixe DE 100"
9.169871,48.494333,"max @100","DE Radar Fixe DE 100"
6.6593295,49.7998129,"max @100","DE Radar Fixe DE 100"
