5.50114,51.45777,"max @50","NL Radar Fixe NL 40"
4.36649,51.93742,"max @50","NL Radar Fixe NL 40"
5.55179,52.03174,"max @50","NL Radar Fixe NL 40"
5.50114,51.45777,"max @50","NL Radar Fixe NL 40"
4.36649,51.93742,"max @50","NL Radar Fixe NL 40"
5.55179,52.03174,"max @50","NL Radar Fixe NL 40"
8.58367,49.14889,"max @50","DE Radar Fixe DE 40"
9.33731,50.23683,"max @50","DE Radar Fixe DE 40"
9.33928,50.23056,"max @50","DE Radar Fixe DE 40"
8.0965,50.11058,"max @50","DE Radar Fixe DE 40"
8.50353,50.17147,"max @50","DE Radar Fixe DE 40"
8.45697,50.18694,"max @50","DE Radar Fixe DE 40"
7.26556,51.21742,"max @50","DE Radar Fixe DE 40"
7.26733,51.21764,"max @50","DE Radar Fixe DE 40"
8.06731,50.13578,"max @50","DE Radar Fixe DE 40"
8.97578,47.78939,"max @50","DE Radar Fixe DE 40"
8.99811,47.77419,"max @50","DE Radar Fixe DE 40"
8.57494,49.64931,"max @50","DE Radar Fixe DE 40"
9.02978,47.77317,"max @50","DE Radar Fixe DE 40"
8.55883,49.64936,"max @50","DE Radar Fixe DE 40"
9.00181,47.74353,"max @50","DE Radar Fixe DE 40"
7.27847,50.65814,"max @50","DE Radar Fixe DE 40"
8.55881,49.64997,"max @50","DE Radar Fixe DE 40"
10.90589,52.54639,"max @50","DE Radar Fixe DE 40"
7.90283,48.34,"max @50","DE Radar Fixe DE 40"
8.99778,48.67242,"max @50","DE Radar Fixe DE 40"
8.575,49.64933,"max @50","DE Radar Fixe DE 40"
9.17192,48.52194,"max @50","DE Radar Fixe DE 40"
13.26694,53.56,"max @50","DE Radar Fixe DE 40"
8.56606,49.97467,"max @50","DE Radar Fixe DE 40"
8.84478,50.13758,"max @50","DE Radar Fixe DE 40"
8.80653,50.15611,"max @50","DE Radar Fixe DE 40"
7.93264,48.32647,"max @50","DE Radar Fixe DE 40"
7.92369,48.33125,"max @50","DE Radar Fixe DE 40"
8.73972,48.71608,"max @50","DE Radar Fixe DE 40"
8.72553,50.16611,"max @50","DE Radar Fixe DE 40"
8.73114,48.77028,"max @50","DE Radar Fixe DE 40"
9.23575,48.62347,"max @50","DE Radar Fixe DE 40"
11.518196,48.110418,"max @50","DE Radar Fixe DE 40"
-15.51001,28.11641,"max @50","ES Radar Fixe ES 40"
-4.79085,41.61993,"max @50","ES Radar Fixe ES 40"
-4.78202,41.62295,"max @50","ES Radar Fixe ES 40"
2.02455,41.3109,"max @50","ES Radar Fixe ES 40"
2.02859,41.31585,"max @50","ES Radar Fixe ES 40"
-4.7535,41.61636,"max @50","ES Radar Fixe ES 40"
-3.82892,43.44634,"max @50","ES Radar Fixe ES 40"
-8.77492,42.20951,"max @50","ES Radar Fixe ES 40"
-1.97361,43.29175,"max @50","ES Radar Fixe ES 40"
-4.10747,38.70163,"max @50","ES Radar Fixe ES 40"
2.44008,41.6957,"max @50","ES Radar Fixe ES 40"
2.44237,41.69401,"max @50","ES Radar Fixe ES 40"
2.44382,41.68918,"max @50","ES Radar Fixe ES 40"
-2.45492,42.46855,"max @50","ES Radar Fixe ES 40"
-2.45255,42.45892,"max @50","ES Radar Fixe ES 40"
-2.45283,42.45889,"max @50","ES Radar Fixe ES 40"
-2.45152,42.44318,"max @50","ES Radar Fixe ES 40"
-2.45136,42.44316,"max @50","ES Radar Fixe ES 40"
-2.43345,42.46899,"max @50","ES Radar Fixe ES 40"
-2.43264,42.45899,"max @50","ES Radar Fixe ES 40"
-2.43706,42.4588,"max @50","ES Radar Fixe ES 40"
-2.43818,42.45866,"max @50","ES Radar Fixe ES 40"
-0.38821,42.14488,"max @50","ES Radar Fixe ES 40"
-0.39731,42.14736,"max @50","ES Radar Fixe ES 40"
-0.39368,42.14006,"max @50","ES Radar Fixe ES 40"
-0.4253284,38.362126,"max @50","ES Radar Fixe ES 40"
16.29562,53.33078,"max @50","PL Radar Fixe PL 40"
16.28494,51.24418,"max @50","PL Radar Fixe PL 40"
16.71399,54.36553,"max @50","PL Radar Fixe PL 40"
17.58533,51.33972,"max @50","PL Radar Fixe PL 40"
16.17659,51.1397,"max @50","PL Radar Fixe PL 40"
19.28088,51.82073,"max @50","PL Radar Fixe PL 40"
19.87323,50.63273,"max @50","PL Radar Fixe PL 40"
14.64428,52.47846,"max @50","PL Radar Fixe PL 40"
18.66802,53.4857,"max @50","PL Radar Fixe PL 40"
18.22402,53.29323,"max @50","PL Radar Fixe PL 40"
22.29702,52.57708,"max @50","PL Radar Fixe PL 40"
15.90244,51.54597,"max @50","PL Radar Fixe PL 40"
22.31091,50.82611,"max @50","PL Radar Fixe PL 40"
16.82022,50.68444,"max @50","PL Radar Fixe PL 40"
15.63143,40.6137,"max @50","IT Radar Fixe IT 40"
13.52303,43.25188,"max @50","IT Radar Fixe IT 40"
13.51993,43.2517,"max @50","IT Radar Fixe IT 40"
13.51596,43.2508,"max @50","IT Radar Fixe IT 40"
11.50463,43.78475,"max @50","IT Radar Fixe IT 40"
11.50123,43.7844,"max @50","IT Radar Fixe IT 40"
11.44111,43.77124,"max @50","IT Radar Fixe IT 40"
11.36063,43.67085,"max @50","IT Radar Fixe IT 40"
11.29601,43.68535,"max @50","IT Radar Fixe IT 40"
11.29529,43.7225,"max @50","IT Radar Fixe IT 40"
11.29329,43.72659,"max @50","IT Radar Fixe IT 40"
11.04322,43.47679,"max @50","IT Radar Fixe IT 40"
10.35259,43.59559,"max @50","IT Radar Fixe IT 40"
9.5315,45.58055,"max @50","IT Radar Fixe IT 40"
11.18866,43.7396,"max @50","IT Radar Fixe IT 40"
10.87373,45.45736,"max @50","IT Radar Fixe IT 40"
10.85586,45.46109,"max @50","IT Radar Fixe IT 40"
16.56933,56.77339,"max @50","SE Radar Fixe SE 40"
6.01365,46.18862,"max @50","CH Radar Fixe CH 40"
6.17248,46.17233,"max @50","CH Radar Fixe CH 40"
6.20394,46.22126,"max @50","CH Radar Fixe CH 40"
6.12424,46.27283,"max @50","CH Radar Fixe CH 40"
7.4952,46.96012,"max @50","CH Radar Fixe CH 40"
7.48797,46.9595,"max @50","CH Radar Fixe CH 40"
7.48925,46.94942,"max @50","CH Radar Fixe CH 40"
6.18565,46.16772,"max @50","CH Radar Fixe CH 40"
6.18185,46.21648,"max @50","CH Radar Fixe CH 40"
6.20299,46.25243,"max @50","CH Radar Fixe CH 40"
6.2327,46.24594,"max @50","CH Radar Fixe CH 40"
7.59917,47.49417,"max @50","CH Radar Fixe CH 40"
6.201837,46.242174,"max @50","CH Radar Fixe CH 40"
6.20458,46.23536,"max @50","CH Radar Fixe CH 40"
5.975603,46.151551,"max @50","CH Radar Fixe CH 40"
6.185773,46.167759,"max @50","CH Radar Fixe CH 40"
6.123685,46.15494,"max @50","CH Radar Fixe CH 40"
0.17011,51.41844,"max @50","GB Radar Fixe GB 40"
0.13865,51.42944,"max @50","GB Radar Fixe GB 40"
0.18101,51.46861,"max @50","GB Radar Fixe GB 40"
0.07074,51.51305,"max @50","GB Radar Fixe GB 40"
0.07094,51.51048,"max @50","GB Radar Fixe GB 40"
0.07331,51.52522,"max @50","GB Radar Fixe GB 40"
0.07824,51.52703,"max @50","GB Radar Fixe GB 40"
0.08828,51.52932,"max @50","GB Radar Fixe GB 40"
0.08918,51.52948,"max @50","GB Radar Fixe GB 40"
0.11804,51.53247,"max @50","GB Radar Fixe GB 40"
0.07406,51.57523,"max @50","GB Radar Fixe GB 40"
0.09608,51.5763,"max @50","GB Radar Fixe GB 40"
0.10248,51.57985,"max @50","GB Radar Fixe GB 40"
0.10345,51.58004,"max @50","GB Radar Fixe GB 40"
0.15133,51.53056,"max @50","GB Radar Fixe GB 40"
0.17527,51.53618,"max @50","GB Radar Fixe GB 40"
-0.04405,51.62218,"max @50","GB Radar Fixe GB 40"
-0.04265,51.62516,"max @50","GB Radar Fixe GB 40"
-0.03092,51.64663,"max @50","GB Radar Fixe GB 40"
-0.02933,51.66083,"max @50","GB Radar Fixe GB 40"
-0.02915,51.65163,"max @50","GB Radar Fixe GB 40"
0.02551,51.61618,"max @50","GB Radar Fixe GB 40"
0.02609,51.61704,"max @50","GB Radar Fixe GB 40"
-0.03973,51.80726,"max @50","GB Radar Fixe GB 40"
-0.02062,51.79984,"max @50","GB Radar Fixe GB 40"
-0.01751,51.79257,"max @50","GB Radar Fixe GB 40"
0.11987,51.61456,"max @50","GB Radar Fixe GB 40"
0.13149,51.60674,"max @50","GB Radar Fixe GB 40"
0.1471,51.61168,"max @50","GB Radar Fixe GB 40"
0.08577,51.753,"max @50","GB Radar Fixe GB 40"
0.10796,51.75436,"max @50","GB Radar Fixe GB 40"
0.11795,51.77684,"max @50","GB Radar Fixe GB 40"
0.12713,51.75896,"max @50","GB Radar Fixe GB 40"
0.12792,51.72252,"max @50","GB Radar Fixe GB 40"
0.13663,51.80365,"max @50","GB Radar Fixe GB 40"
0.13816,51.80474,"max @50","GB Radar Fixe GB 40"
0.20696,51.43807,"max @50","GB Radar Fixe GB 40"
0.22299,51.43782,"max @50","GB Radar Fixe GB 40"
0.2161,51.59064,"max @50","GB Radar Fixe GB 40"
0.22098,51.58837,"max @50","GB Radar Fixe GB 40"
0.28418,51.50249,"max @50","GB Radar Fixe GB 40"
0.31941,51.48472,"max @50","GB Radar Fixe GB 40"
0.27031,51.6593,"max @50","GB Radar Fixe GB 40"
0.00933,52.21826,"max @50","GB Radar Fixe GB 40"
0.05966,52.17724,"max @50","GB Radar Fixe GB 40"
0.23543,51.86898,"max @50","GB Radar Fixe GB 40"
0.25798,51.86863,"max @50","GB Radar Fixe GB 40"
0.27711,51.86688,"max @50","GB Radar Fixe GB 40"
0.39378,52.23912,"max @50","GB Radar Fixe GB 40"
0.42142,51.58441,"max @50","GB Radar Fixe GB 40"
0.42829,51.58392,"max @50","GB Radar Fixe GB 40"
0.49417,51.55912,"max @50","GB Radar Fixe GB 40"
0.49867,51.56025,"max @50","GB Radar Fixe GB 40"
0.50283,51.56174,"max @50","GB Radar Fixe GB 40"
0.50879,51.56434,"max @50","GB Radar Fixe GB 40"
0.54909,51.39669,"max @50","GB Radar Fixe GB 40"
0.55738,51.39465,"max @50","GB Radar Fixe GB 40"
0.57102,51.39134,"max @50","GB Radar Fixe GB 40"
0.6356,51.56943,"max @50","GB Radar Fixe GB 40"
0.50964,51.59789,"max @50","GB Radar Fixe GB 40"
0.51298,51.59895,"max @50","GB Radar Fixe GB 40"
0.48686,51.72606,"max @50","GB Radar Fixe GB 40"
0.48953,51.72576,"max @50","GB Radar Fixe GB 40"
0.49153,51.72567,"max @50","GB Radar Fixe GB 40"
0.50442,51.72161,"max @50","GB Radar Fixe GB 40"
0.64551,51.56501,"max @50","GB Radar Fixe GB 40"
0.65697,51.563,"max @50","GB Radar Fixe GB 40"
0.66024,51.56285,"max @50","GB Radar Fixe GB 40"
0.69093,51.55939,"max @50","GB Radar Fixe GB 40"
0.71766,51.53846,"max @50","GB Radar Fixe GB 40"
0.71781,51.53799,"max @50","GB Radar Fixe GB 40"
0.75764,51.87724,"max @50","GB Radar Fixe GB 40"
0.76358,52.23726,"max @50","GB Radar Fixe GB 40"
0.83744,51.89196,"max @50","GB Radar Fixe GB 40"
0.86916,52.02537,"max @50","GB Radar Fixe GB 40"
-0.91532,52.39892,"max @50","GB Radar Fixe GB 40"
-0.91499,52.39826,"max @50","GB Radar Fixe GB 40"
-0.71006,52.32927,"max @50","GB Radar Fixe GB 40"
-0.70135,52.48251,"max @50","GB Radar Fixe GB 40"
-0.49268,52.42314,"max @50","GB Radar Fixe GB 40"
-0.45062,52.70192,"max @50","GB Radar Fixe GB 40"
-0.35753,52.71197,"max @50","GB Radar Fixe GB 40"
-0.34073,52.69935,"max @50","GB Radar Fixe GB 40"
-0.18584,52.34167,"max @50","GB Radar Fixe GB 40"
-0.18507,52.34231,"max @50","GB Radar Fixe GB 40"
-0.26577,52.60144,"max @50","GB Radar Fixe GB 40"
-0.25802,52.54685,"max @50","GB Radar Fixe GB 40"
-0.25338,52.60042,"max @50","GB Radar Fixe GB 40"
-0.25166,52.58082,"max @50","GB Radar Fixe GB 40"
-0.23374,52.60351,"max @50","GB Radar Fixe GB 40"
-0.18407,52.55121,"max @50","GB Radar Fixe GB 40"
-0.17354,52.55533,"max @50","GB Radar Fixe GB 40"
-0.15578,52.55964,"max @50","GB Radar Fixe GB 40"
-0.15173,52.56028,"max @50","GB Radar Fixe GB 40"
-0.1865,52.96796,"max @50","GB Radar Fixe GB 40"
-0.1133,52.97571,"max @50","GB Radar Fixe GB 40"
-0.10854,52.97537,"max @50","GB Radar Fixe GB 40"
-0.76704,53.38336,"max @50","GB Radar Fixe GB 40"
-0.76494,53.38042,"max @50","GB Radar Fixe GB 40"
-0.61141,53.20687,"max @50","GB Radar Fixe GB 40"
-0.60141,53.20444,"max @50","GB Radar Fixe GB 40"
-0.57474,53.39557,"max @50","GB Radar Fixe GB 40"
-0.68283,53.86314,"max @50","GB Radar Fixe GB 40"
-0.45335,53.76638,"max @50","GB Radar Fixe GB 40"
-0.40967,53.77696,"max @50","GB Radar Fixe GB 40"
-0.36386,53.79047,"max @50","GB Radar Fixe GB 40"
-0.34544,53.78208,"max @50","GB Radar Fixe GB 40"
-0.18712,53.72559,"max @50","GB Radar Fixe GB 40"
-0.15101,53.71941,"max @50","GB Radar Fixe GB 40"
0.05437,52.6078,"max @50","GB Radar Fixe GB 40"
0.05761,52.60741,"max @50","GB Radar Fixe GB 40"
0.06536,52.45712,"max @50","GB Radar Fixe GB 40"
0.14544,52.65219,"max @50","GB Radar Fixe GB 40"
-0.02752,52.80074,"max @50","GB Radar Fixe GB 40"
0.00601,53.09731,"max @50","GB Radar Fixe GB 40"
0.03735,52.98562,"max @50","GB Radar Fixe GB 40"
0.05749,52.9907,"max @50","GB Radar Fixe GB 40"
0.08623,53.00821,"max @50","GB Radar Fixe GB 40"
0.15239,53.0466,"max @50","GB Radar Fixe GB 40"
0.61187,52.96174,"max @50","GB Radar Fixe GB 40"
-0.03296,53.42165,"max @50","GB Radar Fixe GB 40"
-2.7962,54.09278,"max @50","GB Radar Fixe GB 40"
-2.58982,54.19724,"max @50","GB Radar Fixe GB 40"
-1.71361,54.65507,"max @50","GB Radar Fixe GB 40"
-1.57492,54.95752,"max @50","GB Radar Fixe GB 40"
-1.46633,54.96865,"max @50","GB Radar Fixe GB 40"
-1.22324,54.65576,"max @50","GB Radar Fixe GB 40"
-1.68077,54.98161,"max @50","GB Radar Fixe GB 40"
-1.59111,54.98834,"max @50","GB Radar Fixe GB 40"
-2.15973,57.17481,"max @50","GB Radar Fixe GB 40"
-2.13797,57.17256,"max @50","GB Radar Fixe GB 40"
-2.13439,57.17227,"max @50","GB Radar Fixe GB 40"
-2.11923,57.11784,"max @50","GB Radar Fixe GB 40"
1.39219,51.36959,"max @50","GB Radar Fixe GB 40"
1.32819,51.37816,"max @50","GB Radar Fixe GB 40"
0.89979,51.88655,"max @50","GB Radar Fixe GB 40"
0.91111,51.89764,"max @50","GB Radar Fixe GB 40"
1.00042,51.85681,"max @50","GB Radar Fixe GB 40"
1.18371,52.02463,"max @50","GB Radar Fixe GB 40"
1.30231,52.10271,"max @50","GB Radar Fixe GB 40"
1.13216,52.34518,"max @50","GB Radar Fixe GB 40"
1.19209,52.68821,"max @50","GB Radar Fixe GB 40"
1.25916,52.45193,"max @50","GB Radar Fixe GB 40"
1.25954,52.64582,"max @50","GB Radar Fixe GB 40"
1.28973,52.65597,"max @50","GB Radar Fixe GB 40"
1.09666,52.90458,"max @50","GB Radar Fixe GB 40"
1.43414,52.55609,"max @50","GB Radar Fixe GB 40"
1.58281,52.65944,"max @50","GB Radar Fixe GB 40"
1.72799,52.62986,"max @50","GB Radar Fixe GB 40"
-0.64519,51.13921,"max @50","GB Radar Fixe GB 40"
-0.64962,51.16529,"max @50","GB Radar Fixe GB 40"
-0.41639,50.84111,"max @50","GB Radar Fixe GB 40"
-0.11387,50.84746,"max @50","GB Radar Fixe GB 40"
-0.46972,50.99987,"max @50","GB Radar Fixe GB 40"
-0.39077,51.05837,"max @50","GB Radar Fixe GB 40"
-0.33074,51.11742,"max @50","GB Radar Fixe GB 40"
-0.32193,51.33424,"max @50","GB Radar Fixe GB 40"
-0.27506,51.33866,"max @50","GB Radar Fixe GB 40"
-0.16112,51.12522,"max @50","GB Radar Fixe GB 40"
-0.15873,51.11878,"max @50","GB Radar Fixe GB 40"
-0.24974,51.26961,"max @50","GB Radar Fixe GB 40"
-0.24489,51.3522,"max @50","GB Radar Fixe GB 40"
-0.24417,51.35002,"max @50","GB Radar Fixe GB 40"
-0.22134,51.30056,"max @50","GB Radar Fixe GB 40"
-0.21066,51.32155,"max @50","GB Radar Fixe GB 40"
-0.21041,51.32597,"max @50","GB Radar Fixe GB 40"
-0.20989,51.35314,"max @50","GB Radar Fixe GB 40"
-0.20954,51.26828,"max @50","GB Radar Fixe GB 40"
-0.20651,51.34861,"max @50","GB Radar Fixe GB 40"
-0.11561,51.35355,"max @50","GB Radar Fixe GB 40"
-0.1062,51.37091,"max @50","GB Radar Fixe GB 40"
-0.92316,51.44067,"max @50","GB Radar Fixe GB 40"
-0.91542,51.43925,"max @50","GB Radar Fixe GB 40"
-0.86522,51.42329,"max @50","GB Radar Fixe GB 40"
-0.85923,51.42092,"max @50","GB Radar Fixe GB 40"
-0.88627,51.43287,"max @50","GB Radar Fixe GB 40"
-0.88235,51.43103,"max @50","GB Radar Fixe GB 40"
-0.75521,51.51921,"max @50","GB Radar Fixe GB 40"
-0.63302,51.48473,"max @50","GB Radar Fixe GB 40"
-0.6312,51.48454,"max @50","GB Radar Fixe GB 40"
-0.71802,51.51173,"max @50","GB Radar Fixe GB 40"
-0.71643,51.50971,"max @50","GB Radar Fixe GB 40"
-0.69038,51.49443,"max @50","GB Radar Fixe GB 40"
-0.64784,51.52023,"max @50","GB Radar Fixe GB 40"
-0.64142,51.5202,"max @50","GB Radar Fixe GB 40"
-0.53791,51.43169,"max @50","GB Radar Fixe GB 40"
-0.5131,51.42359,"max @50","GB Radar Fixe GB 40"
-0.57535,51.51165,"max @50","GB Radar Fixe GB 40"
-0.57099,51.51596,"max @50","GB Radar Fixe GB 40"
-0.61524,51.55982,"max @50","GB Radar Fixe GB 40"
-0.61487,51.54929,"max @50","GB Radar Fixe GB 40"
-0.58743,51.73735,"max @50","GB Radar Fixe GB 40"
-0.50451,51.79016,"max @50","GB Radar Fixe GB 40"
-0.7892,51.82944,"max @50","GB Radar Fixe GB 40"
-0.93995,52.2552,"max @50","GB Radar Fixe GB 40"
-0.54177,51.90054,"max @50","GB Radar Fixe GB 40"
-0.50434,51.87485,"max @50","GB Radar Fixe GB 40"
-0.59665,52.03524,"max @50","GB Radar Fixe GB 40"
-0.45449,51.40767,"max @50","GB Radar Fixe GB 40"
-0.44812,51.40787,"max @50","GB Radar Fixe GB 40"
-0.44099,51.45825,"max @50","GB Radar Fixe GB 40"
-0.43178,51.40843,"max @50","GB Radar Fixe GB 40"
-0.42497,51.48073,"max @50","GB Radar Fixe GB 40"
-0.42062,51.48108,"max @50","GB Radar Fixe GB 40"
-0.40025,51.47662,"max @50","GB Radar Fixe GB 40"
-0.49193,51.5274,"max @50","GB Radar Fixe GB 40"
-0.46507,51.53521,"max @50","GB Radar Fixe GB 40"
-0.44891,51.53077,"max @50","GB Radar Fixe GB 40"
-0.49952,51.58191,"max @50","GB Radar Fixe GB 40"
-0.44191,51.5277,"max @50","GB Radar Fixe GB 40"
-0.41143,51.48872,"max @50","GB Radar Fixe GB 40"
-0.39366,51.51385,"max @50","GB Radar Fixe GB 40"
-0.37763,51.47722,"max @50","GB Radar Fixe GB 40"
-0.35705,51.44689,"max @50","GB Radar Fixe GB 40"
-0.35448,51.48034,"max @50","GB Radar Fixe GB 40"
-0.34945,51.48119,"max @50","GB Radar Fixe GB 40"
-0.34906,51.45057,"max @50","GB Radar Fixe GB 40"
-0.34749,51.45113,"max @50","GB Radar Fixe GB 40"
-0.27471,51.37348,"max @50","GB Radar Fixe GB 40"
-0.31535,51.45962,"max @50","GB Radar Fixe GB 40"
-0.31124,51.46248,"max @50","GB Radar Fixe GB 40"
-0.36584,51.59367,"max @50","GB Radar Fixe GB 40"
-0.33073,51.49505,"max @50","GB Radar Fixe GB 40"
-0.32496,51.49273,"max @50","GB Radar Fixe GB 40"
-0.31984,51.4857,"max @50","GB Radar Fixe GB 40"
-0.31765,51.53281,"max @50","GB Radar Fixe GB 40"
-0.30244,51.53108,"max @50","GB Radar Fixe GB 40"
-0.30145,51.53113,"max @50","GB Radar Fixe GB 40"
-0.29165,51.52275,"max @50","GB Radar Fixe GB 40"
-0.29157,51.52174,"max @50","GB Radar Fixe GB 40"
-0.29026,51.49204,"max @50","GB Radar Fixe GB 40"
-0.28541,51.49249,"max @50","GB Radar Fixe GB 40"
-0.28216,51.49596,"max @50","GB Radar Fixe GB 40"
-0.49144,51.78051,"max @50","GB Radar Fixe GB 40"
-0.48874,51.7791,"max @50","GB Radar Fixe GB 40"
-0.46574,51.74843,"max @50","GB Radar Fixe GB 40"
-0.46045,51.74984,"max @50","GB Radar Fixe GB 40"
-0.4571,51.7605,"max @50","GB Radar Fixe GB 40"
-0.45339,51.76279,"max @50","GB Radar Fixe GB 40"
-0.44373,51.75035,"max @50","GB Radar Fixe GB 40"
-0.44096,51.71231,"max @50","GB Radar Fixe GB 40"
-0.44087,51.75175,"max @50","GB Radar Fixe GB 40"
-0.41887,51.7444,"max @50","GB Radar Fixe GB 40"
-0.41438,51.74322,"max @50","GB Radar Fixe GB 40"
-0.41252,51.74287,"max @50","GB Radar Fixe GB 40"
-0.40895,51.74221,"max @50","GB Radar Fixe GB 40"
-0.37671,51.60341,"max @50","GB Radar Fixe GB 40"
-0.3751,51.63328,"max @50","GB Radar Fixe GB 40"
-0.29757,51.60285,"max @50","GB Radar Fixe GB 40"
-0.29681,51.60131,"max @50","GB Radar Fixe GB 40"
-0.30599,51.68007,"max @50","GB Radar Fixe GB 40"
-0.30356,51.67925,"max @50","GB Radar Fixe GB 40"
-0.303,51.67873,"max @50","GB Radar Fixe GB 40"
-0.29743,51.67149,"max @50","GB Radar Fixe GB 40"
-0.27204,51.47171,"max @50","GB Radar Fixe GB 40"
-0.2651,51.47611,"max @50","GB Radar Fixe GB 40"
-0.25709,51.43359,"max @50","GB Radar Fixe GB 40"
-0.25228,51.43756,"max @50","GB Radar Fixe GB 40"
-0.23894,51.44309,"max @50","GB Radar Fixe GB 40"
-0.22964,51.44567,"max @50","GB Radar Fixe GB 40"
-0.2202,51.44967,"max @50","GB Radar Fixe GB 40"
-0.19608,51.38122,"max @50","GB Radar Fixe GB 40"
-0.18688,51.39605,"max @50","GB Radar Fixe GB 40"
-0.17557,51.45171,"max @50","GB Radar Fixe GB 40"
-0.26828,51.52445,"max @50","GB Radar Fixe GB 40"
-0.24622,51.48974,"max @50","GB Radar Fixe GB 40"
-0.2423,51.51434,"max @50","GB Radar Fixe GB 40"
-0.23328,51.5145,"max @50","GB Radar Fixe GB 40"
-0.23015,51.52171,"max @50","GB Radar Fixe GB 40"
-0.26351,51.54889,"max @50","GB Radar Fixe GB 40"
-0.25707,51.55253,"max @50","GB Radar Fixe GB 40"
-0.25351,51.55796,"max @50","GB Radar Fixe GB 40"
-0.24444,51.56729,"max @50","GB Radar Fixe GB 40"
-0.21656,51.57767,"max @50","GB Radar Fixe GB 40"
-0.21579,51.57786,"max @50","GB Radar Fixe GB 40"
-0.21163,51.57259,"max @50","GB Radar Fixe GB 40"
-0.21052,51.57179,"max @50","GB Radar Fixe GB 40"
-0.1755,51.58504,"max @50","GB Radar Fixe GB 40"
-0.16089,51.58193,"max @50","GB Radar Fixe GB 40"
-0.15581,51.50911,"max @50","GB Radar Fixe GB 40"
-0.08325,51.49227,"max @50","GB Radar Fixe GB 40"
-0.0593,51.59171,"max @50","GB Radar Fixe GB 40"
-0.26229,51.75699,"max @50","GB Radar Fixe GB 40"
-0.25779,51.75843,"max @50","GB Radar Fixe GB 40"
-0.20161,51.82045,"max @50","GB Radar Fixe GB 40"
-0.1968,51.81743,"max @50","GB Radar Fixe GB 40"
-0.11529,51.65344,"max @50","GB Radar Fixe GB 40"
-0.10182,51.61439,"max @50","GB Radar Fixe GB 40"
-0.10135,51.61466,"max @50","GB Radar Fixe GB 40"
-0.0863,51.61202,"max @50","GB Radar Fixe GB 40"
-0.08216,51.62251,"max @50","GB Radar Fixe GB 40"
-0.06405,51.63918,"max @50","GB Radar Fixe GB 40"
-0.04982,51.60266,"max @50","GB Radar Fixe GB 40"
-0.04585,51.61867,"max @50","GB Radar Fixe GB 40"
-0.05981,51.65463,"max @50","GB Radar Fixe GB 40"
-0.05952,51.65553,"max @50","GB Radar Fixe GB 40"
-0.05374,51.67263,"max @50","GB Radar Fixe GB 40"
-0.39123,51.90683,"max @50","GB Radar Fixe GB 40"
-0.35623,51.83828,"max @50","GB Radar Fixe GB 40"
-0.35526,51.83735,"max @50","GB Radar Fixe GB 40"
-0.21361,51.92079,"max @50","GB Radar Fixe GB 40"
-0.21312,51.92002,"max @50","GB Radar Fixe GB 40"
-0.19996,51.9837,"max @50","GB Radar Fixe GB 40"
-0.19722,51.84057,"max @50","GB Radar Fixe GB 40"
-0.18901,51.84536,"max @50","GB Radar Fixe GB 40"
-0.18831,51.84596,"max @50","GB Radar Fixe GB 40"
-0.18146,51.85325,"max @50","GB Radar Fixe GB 40"
-0.17184,51.99343,"max @50","GB Radar Fixe GB 40"
-0.15727,51.89041,"max @50","GB Radar Fixe GB 40"
-0.15653,51.85123,"max @50","GB Radar Fixe GB 40"
-0.13805,52.00962,"max @50","GB Radar Fixe GB 40"
0.0444,50.85762,"max @50","GB Radar Fixe GB 40"
-0.02735,51.13458,"max @50","GB Radar Fixe GB 40"
0.13372,50.93088,"max @50","GB Radar Fixe GB 40"
-0.04259,51.35483,"max @50","GB Radar Fixe GB 40"
0.26218,51.01687,"max @50","GB Radar Fixe GB 40"
0.35315,51.30596,"max @50","GB Radar Fixe GB 40"
0.47439,50.84662,"max @50","GB Radar Fixe GB 40"
0.5079,51.34812,"max @50","GB Radar Fixe GB 40"
0.64796,51.35564,"max @50","GB Radar Fixe GB 40"
0.05525,51.40447,"max @50","GB Radar Fixe GB 40"
0.03615,51.4426,"max @50","GB Radar Fixe GB 40"
0.04174,51.44089,"max @50","GB Radar Fixe GB 40"
0.05525,51.4376,"max @50","GB Radar Fixe GB 40"
0.06015,51.43615,"max @50","GB Radar Fixe GB 40"
0.06965,51.43332,"max @50","GB Radar Fixe GB 40"
-0.02597,51.53898,"max @50","GB Radar Fixe GB 40"
-0.01625,51.53054,"max @50","GB Radar Fixe GB 40"
-0.01183,51.52797,"max @50","GB Radar Fixe GB 40"
-0.01041,51.52109,"max @50","GB Radar Fixe GB 40"
-0.0086,51.51537,"max @50","GB Radar Fixe GB 40"
-0.02946,51.54817,"max @50","GB Radar Fixe GB 40"
-0.02845,51.54264,"max @50","GB Radar Fixe GB 40"
-0.02778,51.54218,"max @50","GB Radar Fixe GB 40"
0.0161,51.51704,"max @50","GB Radar Fixe GB 40"
0.04686,51.52021,"max @50","GB Radar Fixe GB 40"
0.0618,51.52139,"max @50","GB Radar Fixe GB 40"
0.03357,51.57692,"max @50","GB Radar Fixe GB 40"
0.05497,51.57631,"max @50","GB Radar Fixe GB 40"
0.08974,51.42401,"max @50","GB Radar Fixe GB 40"
0.07146,51.43291,"max @50","GB Radar Fixe GB 40"
0.13186,51.41889,"max @50","GB Radar Fixe GB 40"
-1.74709,52.44586,"max @50","GB Radar Fixe GB 40"
-1.7898,52.52529,"max @50","GB Radar Fixe GB 40"
-1.78738,52.52603,"max @50","GB Radar Fixe GB 40"
-1.79045,52.68847,"max @50","GB Radar Fixe GB 40"
-1.77198,52.62887,"max @50","GB Radar Fixe GB 40"
-1.76318,52.6266,"max @50","GB Radar Fixe GB 40"
-1.75791,52.62553,"max @50","GB Radar Fixe GB 40"
-1.72324,52.61918,"max @50","GB Radar Fixe GB 40"
-1.71732,52.61811,"max @50","GB Radar Fixe GB 40"
-1.71352,52.61737,"max @50","GB Radar Fixe GB 40"
-1.5561,52.3967,"max @50","GB Radar Fixe GB 40"
-1.54647,52.39028,"max @50","GB Radar Fixe GB 40"
-1.54141,52.38867,"max @50","GB Radar Fixe GB 40"
-1.52525,52.3825,"max @50","GB Radar Fixe GB 40"
-1.52203,52.38102,"max @50","GB Radar Fixe GB 40"
-1.49672,52.39841,"max @50","GB Radar Fixe GB 40"
-1.49611,52.39691,"max @50","GB Radar Fixe GB 40"
-1.48017,52.40634,"max @50","GB Radar Fixe GB 40"
-1.47391,52.39274,"max @50","GB Radar Fixe GB 40"
-1.46782,52.41484,"max @50","GB Radar Fixe GB 40"
-1.77219,52.85106,"max @50","GB Radar Fixe GB 40"
-1.76983,52.85589,"max @50","GB Radar Fixe GB 40"
-1.76846,52.85943,"max @50","GB Radar Fixe GB 40"
-1.76741,52.86111,"max @50","GB Radar Fixe GB 40"
-1.80021,53.02978,"max @50","GB Radar Fixe GB 40"
-1.79647,53.02787,"max @50","GB Radar Fixe GB 40"
-1.64661,52.78965,"max @50","GB Radar Fixe GB 40"
-1.60093,52.80299,"max @50","GB Radar Fixe GB 40"
-1.57622,52.79415,"max @50","GB Radar Fixe GB 40"
-1.50892,52.76741,"max @50","GB Radar Fixe GB 40"
-1.46517,52.89579,"max @50","GB Radar Fixe GB 40"
-1.46339,52.89558,"max @50","GB Radar Fixe GB 40"
-1.44896,52.89184,"max @50","GB Radar Fixe GB 40"
-1.44123,52.8926,"max @50","GB Radar Fixe GB 40"
-1.43698,52.89341,"max @50","GB Radar Fixe GB 40"
-1.43237,52.89448,"max @50","GB Radar Fixe GB 40"
-1.59348,53.16405,"max @50","GB Radar Fixe GB 40"
-1.59279,53.16381,"max @50","GB Radar Fixe GB 40"
-1.55896,53.1316,"max @50","GB Radar Fixe GB 40"
-1.48245,53.06171,"max @50","GB Radar Fixe GB 40"
-1.16196,52.66442,"max @50","GB Radar Fixe GB 40"
-1.28492,52.83885,"max @50","GB Radar Fixe GB 40"
-1.26618,52.85748,"max @50","GB Radar Fixe GB 40"
-1.2342,52.91134,"max @50","GB Radar Fixe GB 40"
-1.23303,52.91299,"max @50","GB Radar Fixe GB 40"
-1.20768,52.93494,"max @50","GB Radar Fixe GB 40"
-1.19673,52.93387,"max @50","GB Radar Fixe GB 40"
-1.19576,52.93409,"max @50","GB Radar Fixe GB 40"
-1.38359,53.04759,"max @50","GB Radar Fixe GB 40"
-1.33962,53.00429,"max @50","GB Radar Fixe GB 40"
-1.33301,53.00089,"max @50","GB Radar Fixe GB 40"
-1.32937,52.99786,"max @50","GB Radar Fixe GB 40"
-1.32108,52.99214,"max @50","GB Radar Fixe GB 40"
-1.3192,52.98892,"max @50","GB Radar Fixe GB 40"
-1.31756,52.98611,"max @50","GB Radar Fixe GB 40"
-1.18993,52.93645,"max @50","GB Radar Fixe GB 40"
-1.18924,52.93669,"max @50","GB Radar Fixe GB 40"
-1.16109,52.93197,"max @50","GB Radar Fixe GB 40"
-1.6883,53.21822,"max @50","GB Radar Fixe GB 40"
-1.6793,53.21705,"max @50","GB Radar Fixe GB 40"
-1.78872,53.61203,"max @50","GB Radar Fixe GB 40"
-1.76062,53.58147,"max @50","GB Radar Fixe GB 40"
-1.75659,53.5783,"max @50","GB Radar Fixe GB 40"
-1.68239,53.50066,"max @50","GB Radar Fixe GB 40"
-1.67781,53.50066,"max @50","GB Radar Fixe GB 40"
-1.66502,53.54995,"max @50","GB Radar Fixe GB 40"
-1.5304,53.38683,"max @50","GB Radar Fixe GB 40"
-1.48267,53.37608,"max @50","GB Radar Fixe GB 40"
-1.45061,53.38476,"max @50","GB Radar Fixe GB 40"
-1.64584,53.49455,"max @50","GB Radar Fixe GB 40"
-1.6444,53.49439,"max @50","GB Radar Fixe GB 40"
-1.61837,53.59456,"max @50","GB Radar Fixe GB 40"
-1.61397,53.59784,"max @50","GB Radar Fixe GB 40"
-1.49284,53.42546,"max @50","GB Radar Fixe GB 40"
-1.4638,53.45415,"max @50","GB Radar Fixe GB 40"
-1.51117,53.59515,"max @50","GB Radar Fixe GB 40"
-1.49657,53.59276,"max @50","GB Radar Fixe GB 40"
-1.4893,53.58501,"max @50","GB Radar Fixe GB 40"
-1.47521,53.55381,"max @50","GB Radar Fixe GB 40"
-1.44903,53.55617,"max @50","GB Radar Fixe GB 40"
-1.43062,53.54613,"max @50","GB Radar Fixe GB 40"
-1.42745,53.53815,"max @50","GB Radar Fixe GB 40"
-1.78044,53.66911,"max @50","GB Radar Fixe GB 40"
-1.78033,53.66384,"max @50","GB Radar Fixe GB 40"
-1.77716,53.67566,"max @50","GB Radar Fixe GB 40"
-1.82894,53.77033,"max @50","GB Radar Fixe GB 40"
-1.82463,53.77112,"max @50","GB Radar Fixe GB 40"
-1.82158,53.77169,"max @50","GB Radar Fixe GB 40"
-1.81591,53.77239,"max @50","GB Radar Fixe GB 40"
-1.77549,53.73666,"max @50","GB Radar Fixe GB 40"
-1.77089,53.74869,"max @50","GB Radar Fixe GB 40"
-1.77074,53.73954,"max @50","GB Radar Fixe GB 40"
-1.77067,53.74558,"max @50","GB Radar Fixe GB 40"
-1.77017,53.74425,"max @50","GB Radar Fixe GB 40"
-1.81618,53.82591,"max @50","GB Radar Fixe GB 40"
-1.80914,53.82592,"max @50","GB Radar Fixe GB 40"
-1.80772,53.82368,"max @50","GB Radar Fixe GB 40"
-1.80511,53.81966,"max @50","GB Radar Fixe GB 40"
-1.71921,53.68385,"max @50","GB Radar Fixe GB 40"
-1.71646,53.68186,"max @50","GB Radar Fixe GB 40"
-1.70118,53.67642,"max @50","GB Radar Fixe GB 40"
-1.70158,53.82916,"max @50","GB Radar Fixe GB 40"
-1.69633,53.82971,"max @50","GB Radar Fixe GB 40"
-1.67468,53.82586,"max @50","GB Radar Fixe GB 40"
-1.6718,53.82555,"max @50","GB Radar Fixe GB 40"
-1.66578,53.8443,"max @50","GB Radar Fixe GB 40"
-1.66366,53.84109,"max @50","GB Radar Fixe GB 40"
-1.66039,53.83856,"max @50","GB Radar Fixe GB 40"
-1.65474,53.83558,"max @50","GB Radar Fixe GB 40"
-1.77682,53.92153,"max @50","GB Radar Fixe GB 40"
-1.77222,53.92062,"max @50","GB Radar Fixe GB 40"
-1.76965,53.92099,"max @50","GB Radar Fixe GB 40"
-1.76518,53.92078,"max @50","GB Radar Fixe GB 40"
-1.67695,53.8491,"max @50","GB Radar Fixe GB 40"
-1.62118,53.74547,"max @50","GB Radar Fixe GB 40"
-1.61277,53.7476,"max @50","GB Radar Fixe GB 40"
-1.65365,53.80817,"max @50","GB Radar Fixe GB 40"
-1.63043,53.8298,"max @50","GB Radar Fixe GB 40"
-1.62406,53.82681,"max @50","GB Radar Fixe GB 40"
-1.62214,53.80391,"max @50","GB Radar Fixe GB 40"
-1.61648,53.82371,"max @50","GB Radar Fixe GB 40"
-1.60971,53.82229,"max @50","GB Radar Fixe GB 40"
-1.60419,53.81991,"max @50","GB Radar Fixe GB 40"
-1.60396,53.80222,"max @50","GB Radar Fixe GB 40"
-1.58564,53.76973,"max @50","GB Radar Fixe GB 40"
-1.58359,53.76392,"max @50","GB Radar Fixe GB 40"
-1.583,53.76429,"max @50","GB Radar Fixe GB 40"
-1.55794,53.76613,"max @50","GB Radar Fixe GB 40"
-1.59598,53.83138,"max @50","GB Radar Fixe GB 40"
-1.59444,53.82998,"max @50","GB Radar Fixe GB 40"
-1.56596,53.81188,"max @50","GB Radar Fixe GB 40"
-1.54328,53.82166,"max @50","GB Radar Fixe GB 40"
-1.54018,53.81833,"max @50","GB Radar Fixe GB 40"
-1.53794,53.84392,"max @50","GB Radar Fixe GB 40"
-1.53777,53.80067,"max @50","GB Radar Fixe GB 40"
-1.51504,53.79767,"max @50","GB Radar Fixe GB 40"
-1.50049,53.81975,"max @50","GB Radar Fixe GB 40"
-1.49203,53.8224,"max @50","GB Radar Fixe GB 40"
-1.48673,53.82147,"max @50","GB Radar Fixe GB 40"
-1.48273,53.80346,"max @50","GB Radar Fixe GB 40"
-1.48242,53.81986,"max @50","GB Radar Fixe GB 40"
-1.48138,53.80372,"max @50","GB Radar Fixe GB 40"
-1.40816,53.25302,"max @50","GB Radar Fixe GB 40"
-1.34914,53.23667,"max @50","GB Radar Fixe GB 40"
-1.34681,53.23729,"max @50","GB Radar Fixe GB 40"
-1.3305,53.27126,"max @50","GB Radar Fixe GB 40"
-1.3213,53.27515,"max @50","GB Radar Fixe GB 40"
-1.31775,53.27669,"max @50","GB Radar Fixe GB 40"
-1.42,53.36536,"max @50","GB Radar Fixe GB 40"
-1.4193,53.36635,"max @50","GB Radar Fixe GB 40"
-1.41222,53.37857,"max @50","GB Radar Fixe GB 40"
-1.29187,53.18945,"max @50","GB Radar Fixe GB 40"
-1.29973,53.34565,"max @50","GB Radar Fixe GB 40"
-1.3721,53.40917,"max @50","GB Radar Fixe GB 40"
-1.36192,53.43572,"max @50","GB Radar Fixe GB 40"
-1.3242,53.42435,"max @50","GB Radar Fixe GB 40"
-1.41877,53.51499,"max @50","GB Radar Fixe GB 40"
-1.28587,53.42086,"max @50","GB Radar Fixe GB 40"
-1.27265,53.46752,"max @50","GB Radar Fixe GB 40"
-1.27055,53.42249,"max @50","GB Radar Fixe GB 40"
-1.2372,53.42303,"max @50","GB Radar Fixe GB 40"
-1.20231,53.5733,"max @50","GB Radar Fixe GB 40"
-1.16877,53.54102,"max @50","GB Radar Fixe GB 40"
-1.12225,53.51693,"max @50","GB Radar Fixe GB 40"
-1.09417,53.54643,"max @50","GB Radar Fixe GB 40"
-1.02541,53.48807,"max @50","GB Radar Fixe GB 40"
-1.33238,53.92268,"max @50","GB Radar Fixe GB 40"
-0.83527,50.79094,"max @50","GB Radar Fixe GB 40"
-0.66609,50.80151,"max @50","GB Radar Fixe GB 40"
-0.64649,51.14643,"max @50","GB Radar Fixe GB 40"
-1.88381,52.24033,"max @50","GB Radar Fixe GB 40"
-1.88194,52.23542,"max @50","GB Radar Fixe GB 40"
-1.55477,51.94128,"max @50","GB Radar Fixe GB 40"
-1.4229,51.59994,"max @50","GB Radar Fixe GB 40"
-1.35441,51.76223,"max @50","GB Radar Fixe GB 40"
-1.33741,51.79091,"max @50","GB Radar Fixe GB 40"
-1.26401,51.67448,"max @50","GB Radar Fixe GB 40"
-1.27956,51.81106,"max @50","GB Radar Fixe GB 40"
-0.96837,51.39456,"max @50","GB Radar Fixe GB 40"
-0.96463,51.39388,"max @50","GB Radar Fixe GB 40"
-1.0041,51.46138,"max @50","GB Radar Fixe GB 40"
-0.99806,51.46073,"max @50","GB Radar Fixe GB 40"
-1.33159,52.04653,"max @50","GB Radar Fixe GB 40"
-1.23861,52.0925,"max @50","GB Radar Fixe GB 40"
-1.10393,52.06983,"max @50","GB Radar Fixe GB 40"
-2.64963,52.5758,"max @50","GB Radar Fixe GB 40"
-2.50259,52.69241,"max @50","GB Radar Fixe GB 40"
-2.61906,53.13068,"max @50","GB Radar Fixe GB 40"
-2.6138,53.1276,"max @50","GB Radar Fixe GB 40"
-2.4616,53.05789,"max @50","GB Radar Fixe GB 40"
-2.42393,53.058,"max @50","GB Radar Fixe GB 40"
-2.13221,52.4347,"max @50","GB Radar Fixe GB 40"
-2.18195,52.60421,"max @50","GB Radar Fixe GB 40"
-2.17695,52.60248,"max @50","GB Radar Fixe GB 40"
-2.12814,52.62406,"max @50","GB Radar Fixe GB 40"
-2.12793,52.62495,"max @50","GB Radar Fixe GB 40"
-2.12019,52.71585,"max @50","GB Radar Fixe GB 40"
-2.10659,52.48223,"max @50","GB Radar Fixe GB 40"
-2.10659,52.4791,"max @50","GB Radar Fixe GB 40"
-2.00832,52.47724,"max @50","GB Radar Fixe GB 40"
-2.00426,52.39583,"max @50","GB Radar Fixe GB 40"
-2.00263,52.47393,"max @50","GB Radar Fixe GB 40"
-1.97604,52.40756,"max @50","GB Radar Fixe GB 40"
-1.95983,52.42246,"max @50","GB Radar Fixe GB 40"
-1.95564,52.42499,"max @50","GB Radar Fixe GB 40"
-1.94922,52.43118,"max @50","GB Radar Fixe GB 40"
-1.94869,52.43196,"max @50","GB Radar Fixe GB 40"
-1.99457,52.47005,"max @50","GB Radar Fixe GB 40"
-1.99047,52.46823,"max @50","GB Radar Fixe GB 40"
-1.99019,52.4647,"max @50","GB Radar Fixe GB 40"
-1.97817,52.4669,"max @50","GB Radar Fixe GB 40"
-1.96056,52.49592,"max @50","GB Radar Fixe GB 40"
-1.92425,52.48131,"max @50","GB Radar Fixe GB 40"
-1.91924,52.4499,"max @50","GB Radar Fixe GB 40"
-1.91797,52.45034,"max @50","GB Radar Fixe GB 40"
-1.90827,52.46958,"max @50","GB Radar Fixe GB 40"
-1.90566,52.46818,"max @50","GB Radar Fixe GB 40"
-1.89389,52.46522,"max @50","GB Radar Fixe GB 40"
-1.88914,52.46372,"max @50","GB Radar Fixe GB 40"
-2.11138,52.51167,"max @50","GB Radar Fixe GB 40"
-2.11164,52.56086,"max @50","GB Radar Fixe GB 40"
-2.10474,52.55618,"max @50","GB Radar Fixe GB 40"
-2.07768,52.56371,"max @50","GB Radar Fixe GB 40"
-2.07487,52.56446,"max @50","GB Radar Fixe GB 40"
-2.04974,52.51116,"max @50","GB Radar Fixe GB 40"
-2.04685,52.51054,"max @50","GB Radar Fixe GB 40"
-2.04341,52.50953,"max @50","GB Radar Fixe GB 40"
-2.03816,52.50681,"max @50","GB Radar Fixe GB 40"
-2.03337,52.53439,"max @50","GB Radar Fixe GB 40"
-2.03155,52.5442,"max @50","GB Radar Fixe GB 40"
-2.03097,52.5525,"max @50","GB Radar Fixe GB 40"
-2.02728,52.53102,"max @50","GB Radar Fixe GB 40"
-2.02009,52.53014,"max @50","GB Radar Fixe GB 40"
-2.01244,52.52685,"max @50","GB Radar Fixe GB 40"
-2.01009,52.52635,"max @50","GB Radar Fixe GB 40"
-2.09251,52.62862,"max @50","GB Radar Fixe GB 40"
-2.09191,52.62032,"max @50","GB Radar Fixe GB 40"
-2.09141,52.62505,"max @50","GB Radar Fixe GB 40"
-2.08666,52.64302,"max @50","GB Radar Fixe GB 40"
-2.0847,52.64607,"max @50","GB Radar Fixe GB 40"
-2.08059,52.65062,"max @50","GB Radar Fixe GB 40"
-2.07731,52.65365,"max @50","GB Radar Fixe GB 40"
-1.99139,52.52677,"max @50","GB Radar Fixe GB 40"
-1.98941,52.52173,"max @50","GB Radar Fixe GB 40"
-1.98693,52.53215,"max @50","GB Radar Fixe GB 40"
-1.98222,52.5475,"max @50","GB Radar Fixe GB 40"
-1.97916,52.55111,"max @50","GB Radar Fixe GB 40"
-1.95943,52.54223,"max @50","GB Radar Fixe GB 40"
-1.9578,52.54254,"max @50","GB Radar Fixe GB 40"
-1.94934,52.54366,"max @50","GB Radar Fixe GB 40"
-1.94706,52.54397,"max @50","GB Radar Fixe GB 40"
-1.9973,52.58635,"max @50","GB Radar Fixe GB 40"
-1.97527,52.555,"max @50","GB Radar Fixe GB 40"
-1.95054,52.56696,"max @50","GB Radar Fixe GB 40"
-1.94462,52.56277,"max @50","GB Radar Fixe GB 40"
-1.94032,52.54519,"max @50","GB Radar Fixe GB 40"
-1.93818,52.5453,"max @50","GB Radar Fixe GB 40"
-1.93557,52.5491,"max @50","GB Radar Fixe GB 40"
-1.92286,52.53756,"max @50","GB Radar Fixe GB 40"
-1.90087,52.52106,"max @50","GB Radar Fixe GB 40"
-1.88389,52.53282,"max @50","GB Radar Fixe GB 40"
-1.94041,52.55965,"max @50","GB Radar Fixe GB 40"
-1.93711,52.55811,"max @50","GB Radar Fixe GB 40"
-1.93638,52.55703,"max @50","GB Radar Fixe GB 40"
-1.89519,52.56002,"max @50","GB Radar Fixe GB 40"
-1.93808,52.65631,"max @50","GB Radar Fixe GB 40"
-1.93375,52.65624,"max @50","GB Radar Fixe GB 40"
-1.93282,52.65616,"max @50","GB Radar Fixe GB 40"
-1.92726,52.65627,"max @50","GB Radar Fixe GB 40"
-1.9177,52.65625,"max @50","GB Radar Fixe GB 40"
-2.18928,52.94368,"max @50","GB Radar Fixe GB 40"
-2.18864,52.94173,"max @50","GB Radar Fixe GB 40"
-2.1879,52.93974,"max @50","GB Radar Fixe GB 40"
-2.11632,52.72264,"max @50","GB Radar Fixe GB 40"
-2.23681,53.0284,"max @50","GB Radar Fixe GB 40"
-2.2237,52.99054,"max @50","GB Radar Fixe GB 40"
-2.2233,52.99782,"max @50","GB Radar Fixe GB 40"
-2.2224,52.99985,"max @50","GB Radar Fixe GB 40"
-2.21563,53.00216,"max @50","GB Radar Fixe GB 40"
-2.2021,52.974,"max @50","GB Radar Fixe GB 40"
-2.20152,52.97605,"max @50","GB Radar Fixe GB 40"
-2.20004,52.9683,"max @50","GB Radar Fixe GB 40"
-2.19611,53.02287,"max @50","GB Radar Fixe GB 40"
-2.14522,53.05465,"max @50","GB Radar Fixe GB 40"
-2.14263,53.05616,"max @50","GB Radar Fixe GB 40"
-2.1396,53.05794,"max @50","GB Radar Fixe GB 40"
-2.19219,53.17187,"max @50","GB Radar Fixe GB 40"
-2.13458,53.06099,"max @50","GB Radar Fixe GB 40"
-2.10885,52.7604,"max @50","GB Radar Fixe GB 40"
-2.10767,52.75675,"max @50","GB Radar Fixe GB 40"
-2.0778,52.78105,"max @50","GB Radar Fixe GB 40"
-2.07754,52.8142,"max @50","GB Radar Fixe GB 40"
-2.05992,52.77023,"max @50","GB Radar Fixe GB 40"
-2.05866,52.76956,"max @50","GB Radar Fixe GB 40"
-2.05595,52.76818,"max @50","GB Radar Fixe GB 40"
-2.01377,52.82381,"max @50","GB Radar Fixe GB 40"
-2.00898,52.82083,"max @50","GB Radar Fixe GB 40"
-2.08273,52.86671,"max @50","GB Radar Fixe GB 40"
-2.07884,52.86323,"max @50","GB Radar Fixe GB 40"
-2.07677,52.85977,"max @50","GB Radar Fixe GB 40"
-2.0381,52.84517,"max @50","GB Radar Fixe GB 40"
-2.03195,52.83803,"max @50","GB Radar Fixe GB 40"
-2.03175,52.83939,"max @50","GB Radar Fixe GB 40"
-1.98141,52.78816,"max @50","GB Radar Fixe GB 40"
-1.97721,52.78558,"max @50","GB Radar Fixe GB 40"
-1.97193,52.78256,"max @50","GB Radar Fixe GB 40"
-1.9663,52.77896,"max @50","GB Radar Fixe GB 40"
-1.94719,52.7725,"max @50","GB Radar Fixe GB 40"
-1.93141,52.75311,"max @50","GB Radar Fixe GB 40"
-1.92454,52.74827,"max @50","GB Radar Fixe GB 40"
-1.92356,52.74711,"max @50","GB Radar Fixe GB 40"
-2.11221,53.02106,"max @50","GB Radar Fixe GB 40"
-2.07448,53.02652,"max @50","GB Radar Fixe GB 40"
-2.09583,53.16075,"max @50","GB Radar Fixe GB 40"
-2.0948,53.1602,"max @50","GB Radar Fixe GB 40"
-2.09313,53.15907,"max @50","GB Radar Fixe GB 40"
-2.05479,53.08927,"max @50","GB Radar Fixe GB 40"
-2.04811,53.08932,"max @50","GB Radar Fixe GB 40"
-2.04192,53.0907,"max @50","GB Radar Fixe GB 40"
-1.91096,53.0597,"max @50","GB Radar Fixe GB 40"
-1.91024,53.05913,"max @50","GB Radar Fixe GB 40"
-1.94377,53.07351,"max @50","GB Radar Fixe GB 40"
-2.7461,53.28029,"max @50","GB Radar Fixe GB 40"
-2.67899,53.25875,"max @50","GB Radar Fixe GB 40"
-2.58778,53.23213,"max @50","GB Radar Fixe GB 40"
-2.58556,53.23297,"max @50","GB Radar Fixe GB 40"
-2.57679,53.35201,"max @50","GB Radar Fixe GB 40"
-2.7812,53.54592,"max @50","GB Radar Fixe GB 40"
-2.77164,53.54519,"max @50","GB Radar Fixe GB 40"
-2.70274,53.5924,"max @50","GB Radar Fixe GB 40"
-2.59426,53.40492,"max @50","GB Radar Fixe GB 40"
-2.60862,53.62033,"max @50","GB Radar Fixe GB 40"
-2.49592,53.24346,"max @50","GB Radar Fixe GB 40"
-2.52881,53.39834,"max @50","GB Radar Fixe GB 40"
-2.5621,53.57708,"max @50","GB Radar Fixe GB 40"
-2.56134,53.57658,"max @50","GB Radar Fixe GB 40"
-2.53331,53.56292,"max @50","GB Radar Fixe GB 40"
-2.47195,53.53799,"max @50","GB Radar Fixe GB 40"
-2.47174,53.54025,"max @50","GB Radar Fixe GB 40"
-2.38242,53.43468,"max @50","GB Radar Fixe GB 40"
-2.37302,53.43347,"max @50","GB Radar Fixe GB 40"
-2.41996,53.59808,"max @50","GB Radar Fixe GB 40"
-2.72466,53.81127,"max @50","GB Radar Fixe GB 40"
-2.65566,53.70014,"max @50","GB Radar Fixe GB 40"
-2.64967,53.65566,"max @50","GB Radar Fixe GB 40"
-2.63979,53.70439,"max @50","GB Radar Fixe GB 40"
-2.63789,53.68211,"max @50","GB Radar Fixe GB 40"
-2.67789,53.78225,"max @50","GB Radar Fixe GB 40"
-2.66022,53.74534,"max @50","GB Radar Fixe GB 40"
-2.63916,53.79073,"max @50","GB Radar Fixe GB 40"
-2.74616,53.85139,"max @50","GB Radar Fixe GB 40"
-2.53607,53.78077,"max @50","GB Radar Fixe GB 40"
-2.49983,53.7978,"max @50","GB Radar Fixe GB 40"
-2.49355,53.80197,"max @50","GB Radar Fixe GB 40"
-2.38844,53.87025,"max @50","GB Radar Fixe GB 40"
-2.22528,53.3886,"max @50","GB Radar Fixe GB 40"
-2.1471,53.2449,"max @50","GB Radar Fixe GB 40"
-2.31714,53.43309,"max @50","GB Radar Fixe GB 40"
-2.25826,53.42226,"max @50","GB Radar Fixe GB 40"
-2.25477,53.42601,"max @50","GB Radar Fixe GB 40"
-2.11546,53.44451,"max @50","GB Radar Fixe GB 40"
-2.12173,53.4802,"max @50","GB Radar Fixe GB 40"
-2.12001,53.48079,"max @50","GB Radar Fixe GB 40"
-2.16769,53.51891,"max @50","GB Radar Fixe GB 40"
-2.16689,53.60624,"max @50","GB Radar Fixe GB 40"
-2.16597,53.60691,"max @50","GB Radar Fixe GB 40"
-2.15052,53.53897,"max @50","GB Radar Fixe GB 40"
-2.14371,53.54985,"max @50","GB Radar Fixe GB 40"
-2.14228,53.55188,"max @50","GB Radar Fixe GB 40"
-2.13333,53.55692,"max @50","GB Radar Fixe GB 40"
-1.94779,53.38077,"max @50","GB Radar Fixe GB 40"
-1.94509,53.37709,"max @50","GB Radar Fixe GB 40"
-2.06495,53.50355,"max @50","GB Radar Fixe GB 40"
-2.02427,53.44896,"max @50","GB Radar Fixe GB 40"
-2.04635,53.49334,"max @50","GB Radar Fixe GB 40"
-2.29626,53.66477,"max @50","GB Radar Fixe GB 40"
-2.28723,53.73424,"max @50","GB Radar Fixe GB 40"
-2.28711,53.73494,"max @50","GB Radar Fixe GB 40"
-2.27293,53.78051,"max @50","GB Radar Fixe GB 40"
-2.26892,53.74928,"max @50","GB Radar Fixe GB 40"
-1.92469,53.84112,"max @50","GB Radar Fixe GB 40"
-1.92109,53.84583,"max @50","GB Radar Fixe GB 40"
-1.92031,53.84686,"max @50","GB Radar Fixe GB 40"
-1.79439,52.38355,"max @50","GB Radar Fixe GB 40"
-1.79192,52.38213,"max @50","GB Radar Fixe GB 40"
-1.81991,52.46213,"max @50","GB Radar Fixe GB 40"
-1.80811,52.46168,"max @50","GB Radar Fixe GB 40"
-1.80102,52.45927,"max @50","GB Radar Fixe GB 40"
-1.80011,52.38697,"max @50","GB Radar Fixe GB 40"
-1.79815,52.38559,"max @50","GB Radar Fixe GB 40"
-1.79679,52.45764,"max @50","GB Radar Fixe GB 40"
-1.79455,52.45534,"max @50","GB Radar Fixe GB 40"
-1.77649,52.4513,"max @50","GB Radar Fixe GB 40"
-1.76454,52.45154,"max @50","GB Radar Fixe GB 40"
-1.75933,52.45,"max @50","GB Radar Fixe GB 40"
-5.16033,50.16429,"max @50","GB Radar Fixe GB 40"
-5.09814,50.26446,"max @50","GB Radar Fixe GB 40"
-5.06463,50.25896,"max @50","GB Radar Fixe GB 40"
-4.29233,50.42233,"max @50","GB Radar Fixe GB 40"
-4.12883,50.41177,"max @50","GB Radar Fixe GB 40"
-4.10824,50.37661,"max @50","GB Radar Fixe GB 40"
-4.10203,50.38244,"max @50","GB Radar Fixe GB 40"
-4.08915,50.38822,"max @50","GB Radar Fixe GB 40"
-4.08739,50.36555,"max @50","GB Radar Fixe GB 40"
-4.06844,50.37846,"max @50","GB Radar Fixe GB 40"
-4.10953,50.43615,"max @50","GB Radar Fixe GB 40"
-4.04757,50.35247,"max @50","GB Radar Fixe GB 40"
-4.1052,51.09388,"max @50","GB Radar Fixe GB 40"
-4.1031,51.09339,"max @50","GB Radar Fixe GB 40"
-4.26992,51.91635,"max @50","GB Radar Fixe GB 40"
-4.06886,51.70485,"max @50","GB Radar Fixe GB 40"
-3.96434,51.63587,"max @50","GB Radar Fixe GB 40"
-3.96055,51.63502,"max @50","GB Radar Fixe GB 40"
-3.96706,51.79651,"max @50","GB Radar Fixe GB 40"
-3.50279,50.69331,"max @50","GB Radar Fixe GB 40"
-3.47637,50.56557,"max @50","GB Radar Fixe GB 40"
-3.37324,50.6311,"max @50","GB Radar Fixe GB 40"
-3.37258,50.63138,"max @50","GB Radar Fixe GB 40"
-2.9502,50.88747,"max @50","GB Radar Fixe GB 40"
-3.15247,51.03918,"max @50","GB Radar Fixe GB 40"
-3.13284,51.02601,"max @50","GB Radar Fixe GB 40"
-3.00286,51.18289,"max @50","GB Radar Fixe GB 40"
-2.93602,51.15613,"max @50","GB Radar Fixe GB 40"
-2.9354,51.26484,"max @50","GB Radar Fixe GB 40"
-2.90718,51.26654,"max @50","GB Radar Fixe GB 40"
-2.83217,51.29175,"max @50","GB Radar Fixe GB 40"
-2.81489,51.02032,"max @50","GB Radar Fixe GB 40"
-3.32562,51.42234,"max @50","GB Radar Fixe GB 40"
-3.29442,51.41056,"max @50","GB Radar Fixe GB 40"
-3.27774,51.42225,"max @50","GB Radar Fixe GB 40"
-3.46009,51.63981,"max @50","GB Radar Fixe GB 40"
-3.36493,51.60846,"max @50","GB Radar Fixe GB 40"
-3.32836,51.62071,"max @50","GB Radar Fixe GB 40"
-3.25515,51.56582,"max @50","GB Radar Fixe GB 40"
-3.22617,51.52196,"max @50","GB Radar Fixe GB 40"
-3.1805,51.50405,"max @50","GB Radar Fixe GB 40"
-3.05142,51.69712,"max @50","GB Radar Fixe GB 40"
-2.89148,51.60952,"max @50","GB Radar Fixe GB 40"
-3.15013,52.08473,"max @50","GB Radar Fixe GB 40"
-3.03525,53.10436,"max @50","GB Radar Fixe GB 40"
-3.02855,53.09194,"max @50","GB Radar Fixe GB 40"
-2.95234,52.79945,"max @50","GB Radar Fixe GB 40"
-3.24607,53.30586,"max @50","GB Radar Fixe GB 40"
-3.08117,53.37054,"max @50","GB Radar Fixe GB 40"
-2.98244,53.34143,"max @50","GB Radar Fixe GB 40"
-2.96129,53.30853,"max @50","GB Radar Fixe GB 40"
-2.89544,53.21673,"max @50","GB Radar Fixe GB 40"
-2.85103,53.19411,"max @50","GB Radar Fixe GB 40"
-2.86905,53.36283,"max @50","GB Radar Fixe GB 40"
-3.0104,53.46548,"max @50","GB Radar Fixe GB 40"
-2.99079,53.47228,"max @50","GB Radar Fixe GB 40"
-2.97267,53.47946,"max @50","GB Radar Fixe GB 40"
-2.97105,53.47997,"max @50","GB Radar Fixe GB 40"
-2.92224,53.59581,"max @50","GB Radar Fixe GB 40"
-2.83077,53.40871,"max @50","GB Radar Fixe GB 40"
-2.90463,53.55898,"max @50","GB Radar Fixe GB 40"
-2.99097,53.80066,"max @50","GB Radar Fixe GB 40"
-2.98744,53.79819,"max @50","GB Radar Fixe GB 40"
-2.87407,53.64977,"max @50","GB Radar Fixe GB 40"
-2.87355,53.64942,"max @50","GB Radar Fixe GB 40"
-2.89481,53.81392,"max @50","GB Radar Fixe GB 40"
-3.02415,53.87661,"max @50","GB Radar Fixe GB 40"
-2.96419,53.85226,"max @50","GB Radar Fixe GB 40"
-4.7149,55.65311,"max @50","GB Radar Fixe GB 40"
-4.68893,57.6138,"max @50","GB Radar Fixe GB 40"
-4.43966,55.86081,"max @50","GB Radar Fixe GB 40"
-4.41476,55.8616,"max @50","GB Radar Fixe GB 40"
-4.3392,55.76897,"max @50","GB Radar Fixe GB 40"
-4.31512,55.78294,"max @50","GB Radar Fixe GB 40"
-4.31429,55.78339,"max @50","GB Radar Fixe GB 40"
-4.24483,55.84395,"max @50","GB Radar Fixe GB 40"
-4.23381,55.82435,"max @50","GB Radar Fixe GB 40"
-3.95733,55.83244,"max @50","GB Radar Fixe GB 40"
-2.85571,54.3809,"max @50","GB Radar Fixe GB 40"
-2.85431,54.38071,"max @50","GB Radar Fixe GB 40"
-2.85245,55.34537,"max @50","GB Radar Fixe GB 40"
-3.41815,55.93988,"max @50","GB Radar Fixe GB 40"
-3.32191,55.9171,"max @50","GB Radar Fixe GB 40"
-3.30838,55.94096,"max @50","GB Radar Fixe GB 40"
-3.3029,55.94138,"max @50","GB Radar Fixe GB 40"
-3.28756,55.92296,"max @50","GB Radar Fixe GB 40"
-3.26484,55.91214,"max @50","GB Radar Fixe GB 40"
-3.25715,55.91954,"max @50","GB Radar Fixe GB 40"
-3.2562,55.93438,"max @50","GB Radar Fixe GB 40"
-3.24954,55.96063,"max @50","GB Radar Fixe GB 40"
-3.24411,55.941,"max @50","GB Radar Fixe GB 40"
-3.10962,55.94945,"max @50","GB Radar Fixe GB 40"
-2.95115,56.48482,"max @50","GB Radar Fixe GB 40"
-2.6711,50.97332,"max @50","GB Radar Fixe GB 40"
-2.52809,51.16435,"max @50","GB Radar Fixe GB 40"
-2.1775,50.68306,"max @50","GB Radar Fixe GB 40"
-1.92767,50.75736,"max @50","GB Radar Fixe GB 40"
-1.91037,50.80627,"max @50","GB Radar Fixe GB 40"
-1.90016,50.79448,"max @50","GB Radar Fixe GB 40"
-1.89227,51.16881,"max @50","GB Radar Fixe GB 40"
-2.7741,51.39437,"max @50","GB Radar Fixe GB 40"
-2.67242,51.48622,"max @50","GB Radar Fixe GB 40"
-2.65488,51.45789,"max @50","GB Radar Fixe GB 40"
-2.62961,51.43977,"max @50","GB Radar Fixe GB 40"
-2.61706,51.52649,"max @50","GB Radar Fixe GB 40"
-2.57012,51.50913,"max @50","GB Radar Fixe GB 40"
-2.56975,51.53014,"max @50","GB Radar Fixe GB 40"
-2.56922,51.53144,"max @50","GB Radar Fixe GB 40"
-2.568,51.5091,"max @50","GB Radar Fixe GB 40"
-2.54304,51.57532,"max @50","GB Radar Fixe GB 40"
-2.43594,51.45305,"max @50","GB Radar Fixe GB 40"
-2.41553,51.49792,"max @50","GB Radar Fixe GB 40"
-2.36536,51.73029,"max @50","GB Radar Fixe GB 40"
-2.56301,52.10094,"max @50","GB Radar Fixe GB 40"
-2.54524,51.8335,"max @50","GB Radar Fixe GB 40"
-2.5032,52.18721,"max @50","GB Radar Fixe GB 40"
-2.32539,51.77042,"max @50","GB Radar Fixe GB 40"
-1.98167,51.73119,"max @50","GB Radar Fixe GB 40"
-2.2391,51.84255,"max @50","GB Radar Fixe GB 40"
-2.23232,51.86273,"max @50","GB Radar Fixe GB 40"
-2.22222,51.85633,"max @50","GB Radar Fixe GB 40"
-2.21471,51.86254,"max @50","GB Radar Fixe GB 40"
-2.08973,51.90849,"max @50","GB Radar Fixe GB 40"
-1.88286,50.73744,"max @50","GB Radar Fixe GB 40"
-1.82666,50.84082,"max @50","GB Radar Fixe GB 40"
-1.56827,50.79411,"max @50","GB Radar Fixe GB 40"
-1.58909,50.97002,"max @50","GB Radar Fixe GB 40"
-1.56737,50.96325,"max @50","GB Radar Fixe GB 40"
-1.56559,50.96271,"max @50","GB Radar Fixe GB 40"
-1.47076,50.99816,"max @50","GB Radar Fixe GB 40"
-1.4662,50.99756,"max @50","GB Radar Fixe GB 40"
-1.39761,50.90384,"max @50","GB Radar Fixe GB 40"
-1.3043,50.71696,"max @50","GB Radar Fixe GB 40"
-1.29044,50.85564,"max @50","GB Radar Fixe GB 40"
-1.0871,50.80931,"max @50","GB Radar Fixe GB 40"
-1.07454,50.84761,"max @50","GB Radar Fixe GB 40"
-1.04577,50.80635,"max @50","GB Radar Fixe GB 40"
-1.79572,51.5692,"max @50","GB Radar Fixe GB 40"
-1.78526,51.53088,"max @50","GB Radar Fixe GB 40"
-1.75845,51.55124,"max @50","GB Radar Fixe GB 40"
-1.74802,51.54604,"max @50","GB Radar Fixe GB 40"
-1.72117,51.54745,"max @50","GB Radar Fixe GB 40"
-1.79806,51.615,"max @50","GB Radar Fixe GB 40"
-1.78968,51.61035,"max @50","GB Radar Fixe GB 40"
-1.57419,51.48804,"max @50","GB Radar Fixe GB 40"
