8.294015,47.023876,"tunnel","CH Radar Tunnel CH"
7.595844,47.570754,"tunnel","CH Radar Tunnel CH"
7.572916,47.571375,"tunnel","CH Radar Tunnel CH"
6.732607,46.499991,"tunnel","CH Radar Tunnel CH"
6.752744,46.493125,"tunnel","CH Radar Tunnel CH"
6.764877,46.49013,"tunnel","CH Radar Tunnel CH"
6.930635,46.423785,"tunnel","CH Radar Tunnel CH"
8.294188,47.023534,"tunnel","CH Radar Tunnel CH"
8.311226,46.978764,"tunnel","CH Radar Tunnel CH"
8.32846,46.979131,"tunnel","CH Radar Tunnel CH"
8.52334,47.05319,"tunnel","CH Radar Tunnel CH"
8.29616,47.05495,"tunnel","CH Radar Tunnel CH"
7.77989,47.4768,"tunnel","CH Radar Tunnel CH"
7.77442,47.48861,"tunnel","CH Radar Tunnel CH"
7.2642,47.15633,"tunnel","CH Radar Tunnel CH"
7.24658,47.17748,"tunnel","CH Radar Tunnel CH"
7.15118,47.09175,"tunnel","CH Radar Tunnel CH"
7.12496,47.07996,"tunnel","CH Radar Tunnel CH"
6.92423,46.99096,"tunnel","CH Radar Tunnel CH"
6.91912,46.99124,"tunnel","CH Radar Tunnel CH"
6.90138,47.00812,"tunnel","CH Radar Tunnel CH"
6.88417,47.02835,"tunnel","CH Radar Tunnel CH"
6.86793,47.03428,"tunnel","CH Radar Tunnel CH"
6.8445,47.08832,"tunnel","CH Radar Tunnel CH"
6.8281,46.96223,"tunnel","CH Radar Tunnel CH"
6.80564,46.80739,"tunnel","CH Radar Tunnel CH"
6.79728,46.80326,"tunnel","CH Radar Tunnel CH"
6.68361,46.75917,"tunnel","CH Radar Tunnel CH"
6.57597,46.54577,"tunnel","CH Radar Tunnel CH"
6.12111,46.16306,"tunnel","CH Radar Tunnel CH"
6.11444,46.16111,"tunnel","CH Radar Tunnel CH"
6.07833,46.19667,"tunnel","CH Radar Tunnel CH"
6.930384,46.423708,"tunnel","CH Radar Tunnel CH"
2.13259,41.37034,"tunnel","ES Radar Tunnel ES"
2.12716,41.38508,"tunnel","ES Radar Tunnel ES"
2.12503,41.38541,"tunnel","ES Radar Tunnel ES"
2.13496,41.3659,"tunnel","ES Radar Tunnel ES"
2.13063,41.37578,"tunnel","ES Radar Tunnel ES"
2.12847,41.37982,"tunnel","ES Radar Tunnel ES"
-2.90693,43.23351,"tunnel","ES Radar Tunnel ES"
-3.83823,40.47541,"tunnel","ES Radar Tunnel ES"
-3.55453,40.49443,"tunnel","ES Radar Tunnel ES"
-3.58013,40.48405,"tunnel","ES Radar Tunnel ES"
-2.89097,43.23166,"tunnel","ES Radar Tunnel ES"
2.18725,41.38274,"tunnel","ES Radar Tunnel ES"
-8.72943,42.2381,"tunnel","ES Radar Tunnel ES"
-3.72323,40.40332,"tunnel","ES Radar Tunnel ES"
-3.7226,40.40996,"tunnel","ES Radar Tunnel ES"
-3.7258,40.4222,"tunnel","ES Radar Tunnel ES"
-3.65586,40.4057,"tunnel","ES Radar Tunnel ES"
-0.51793,42.74424,"tunnel","ES Radar Tunnel ES"
-3.69601,40.38769,"tunnel","ES Radar Tunnel ES"
2.17492,41.44482,"tunnel","ES Radar Tunnel ES"
-3.73912,40.41068,"tunnel","ES Radar Tunnel ES"
0.77867,42.67066,"tunnel","ES Radar Tunnel ES"
0.76462,42.62461,"tunnel","ES Radar Tunnel ES"
-4.12951,40.70032,"tunnel","ES Radar Tunnel ES"
-3.71388,40.39769,"tunnel","ES Radar Tunnel ES"
-3.71567,40.39916,"tunnel","ES Radar Tunnel ES"
-2.00449,43.15396,"tunnel","ES Radar Tunnel ES"
-0.56058,42.81465,"tunnel","ES Radar Tunnel ES"
-3.7223,40.4046,"tunnel","ES Radar Tunnel ES"
-3.66657,40.40398,"tunnel","ES Radar Tunnel ES"
-3.70533,40.39678,"tunnel","ES Radar Tunnel ES"
-3.70247,40.39535,"tunnel","ES Radar Tunnel ES"
2.10728,41.38907,"tunnel","ES Radar Tunnel ES"
2.16309,41.44023,"tunnel","ES Radar Tunnel ES"
-8.75658,42.2177,"tunnel","ES Radar Tunnel ES"
2.20589,41.39488,"tunnel","ES Radar Tunnel ES"
2.84966,41.99504,"tunnel","ES Radar Tunnel ES"
1.59156,41.20922,"tunnel","ES Radar Tunnel ES"
-0.5726,38.922,"tunnel","ES Radar Tunnel ES"
2.52143,41.85004,"tunnel","ES Radar Tunnel ES"
-4.1603,40.7146,"tunnel","ES Radar Tunnel ES"
-5.57292,36.22965,"tunnel","ES Radar Tunnel ES"
-2.01891,43.18625,"tunnel","ES Radar Tunnel ES"
2.22276,41.46229,"tunnel","ES Radar Tunnel ES"
-5.7164,43.3472,"tunnel","ES Radar Tunnel ES"
-5.70725,43.34048,"tunnel","ES Radar Tunnel ES"
-1.98886,43.29771,"tunnel","ES Radar Tunnel ES"
-0.43294,38.414,"tunnel","ES Radar Tunnel ES"
-0.44824,38.40285,"tunnel","ES Radar Tunnel ES"
-5.79017,36.46813,"tunnel","ES Radar Tunnel ES"
-5.96249,43.37285,"tunnel","ES Radar Tunnel ES"
-0.40653,39.46984,"tunnel","ES Radar Tunnel ES"
-0.40384,39.46957,"tunnel","ES Radar Tunnel ES"
-3.04227,43.33118,"tunnel","ES Radar Tunnel ES"
1.84784,41.62695,"tunnel","ES Radar Tunnel ES"
2.08958,41.3637,"tunnel","ES Radar Tunnel ES"
-3.58061,37.15666,"tunnel","ES Radar Tunnel ES"
2.16281,41.41233,"tunnel","ES Radar Tunnel ES"
1.74079,41.59608,"tunnel","ES Radar Tunnel ES"
1.8306,41.24496,"tunnel","ES Radar Tunnel ES"
2.37584,41.58039,"tunnel","ES Radar Tunnel ES"
-8.17424,43.39323,"tunnel","ES Radar Tunnel ES"
-5.83163,42.9782,"tunnel","ES Radar Tunnel ES"
2.35277,41.58628,"tunnel","ES Radar Tunnel ES"
-8.3383,42.17985,"tunnel","ES Radar Tunnel ES"
-2.36344,43.27821,"tunnel","ES Radar Tunnel ES"
-2.18742,43.04807,"tunnel","ES Radar Tunnel ES"
1.39048,38.96352,"tunnel","ES Radar Tunnel ES"
-8.37041,42.17396,"tunnel","ES Radar Tunnel ES"
1.89067,41.25027,"tunnel","ES Radar Tunnel ES"
-3.68041,40.40726,"tunnel","ES Radar Tunnel ES"
-6.74656,43.5353,"tunnel","ES Radar Tunnel ES"
-5.68455,43.41496,"tunnel","ES Radar Tunnel ES"
-3.68253,40.42119,"tunnel","ES Radar Tunnel ES"
2.3574,42.08545,"tunnel","ES Radar Tunnel ES"
-5.87404,42.86164,"tunnel","ES Radar Tunnel ES"
11.58669,48.17761,"tunnel","DE Radar Tunnel DE"
11.56706,48.17639,"tunnel","DE Radar Tunnel DE"
11.28358,50.71706,"tunnel","DE Radar Tunnel DE"
13.43294,52.46222,"tunnel","DE Radar Tunnel DE"
13.4165,52.46061,"tunnel","DE Radar Tunnel DE"
13.44142,52.46286,"tunnel","DE Radar Tunnel DE"
6.75881,51.21083,"tunnel","DE Radar Tunnel DE"
11.62081,48.13747,"tunnel","DE Radar Tunnel DE"
11.61511,48.13628,"tunnel","DE Radar Tunnel DE"
6.77128,51.23044,"tunnel","DE Radar Tunnel DE"
9.1095,48.94611,"tunnel","DE Radar Tunnel DE"
9.10714,48.94036,"tunnel","DE Radar Tunnel DE"
11.22592,51.28422,"tunnel","DE Radar Tunnel DE"
11.21386,51.27061,"tunnel","DE Radar Tunnel DE"
7.01675,50.94822,"tunnel","DE Radar Tunnel DE"
10.06725,48.83475,"tunnel","DE Radar Tunnel DE"
11.40186,48.15769,"tunnel","DE Radar Tunnel DE"
11.41975,48.17072,"tunnel","DE Radar Tunnel DE"
7.12056,50.99017,"tunnel","DE Radar Tunnel DE"
11.60447,50.87756,"tunnel","DE Radar Tunnel DE"
13.46044,51.16736,"tunnel","DE Radar Tunnel DE"
12.50186,50.72142,"tunnel","DE Radar Tunnel DE"
13.41642,52.46061,"tunnel","DE Radar Tunnel DE"
9.98297,48.39225,"tunnel","DE Radar Tunnel DE"
9.10497,48.73931,"tunnel","DE Radar Tunnel DE"
9.18636,48.78086,"tunnel","DE Radar Tunnel DE"
11.61619,48.14983,"tunnel","DE Radar Tunnel DE"
11.61192,50.88044,"tunnel","DE Radar Tunnel DE"
8.38428,48.9915,"tunnel","DE Radar Tunnel DE"
8.695,49.40689,"tunnel","DE Radar Tunnel DE"
10.615,51.7135,"tunnel","DE Radar Tunnel DE"
7.16333,50.68022,"tunnel","DE Radar Tunnel DE"
7.14869,50.69111,"tunnel","DE Radar Tunnel DE"
8.53456,52.032,"tunnel","DE Radar Tunnel DE"
8.54208,52.03036,"tunnel","DE Radar Tunnel DE"
10.10894,48.86853,"tunnel","DE Radar Tunnel DE"
10.1045,48.86111,"tunnel","DE Radar Tunnel DE"
10.07094,48.82786,"tunnel","DE Radar Tunnel DE"
8.50428,53.43756,"tunnel","DE Radar Tunnel DE"
10.65922,50.62006,"tunnel","DE Radar Tunnel DE"
10.68322,50.63903,"tunnel","DE Radar Tunnel DE"
10.68936,50.66928,"tunnel","DE Radar Tunnel DE"
10.77631,50.71244,"tunnel","DE Radar Tunnel DE"
10.68908,50.66303,"tunnel","DE Radar Tunnel DE"
